,idpAgreement,acc,trustFactor,trustSurvey,workerId
0,50,80,"I feel that the machine learning model, as used in this study, is best used as another tool to use in the human intuition toolbox. When seeing the characteristics of various \daters\ and \partners\, it's easy to build a version of the scenario in the mind's eye and then my gut says one way or the other. If the machine learning model disagrees, that might push me over to the other decision if I was on edge of making that choice before.,",5,A2HK0C714HAH33
1,50,80,"Based on the scores, it doesn't seem logical on some of the machines answers.,",5,A1178K7BRHRNW8
2,80,50,"I did not really trust the machine.  It said 50/50,",4,A31XT6RPLN6359
3,80,50,"There was a few times in which the computer disagreed even though it seemed crystal clear that a second date was likely to happen. This caused me to lose most of my faith in the machine. However, when it was a very close decision the machine helped me re-evaluate my opinion. Think two of the three times I ended up agreeing with the machine in those instances.,",2,A16LZUEQ6JGHWA
4,80,80,"I trust the model to give me an average prediction based on what the participant wants especially when the date had or didn't have all the attributes they want in a partner.,",5,A39KHMYFO61LKN
5,80,50,"I trust the machine learning model.,",4,A1NK7VVVNVKF0D
6,50,80,"I felt like an experienced person would have a better idea of the nuances about people dating, rather than an algorithm predicting.,",4,A1A1ZXUVSV4YR8
7,80,80,"sometimes it went against very high ratings and so i went against it,",4,A1TJZFTCYX4ASU
8,80,80,"A machine cannot feel the connection but maybe it's better that way. Sometimes we connect with people who are not good for us. ,",5,A1OM5NWYYYJKQW
9,50,50,"this very nice to predictions of our machine learning model ,",6,A2UTOAWFI02ZLI
10,50,80,"GIGO. What people input to a machine stating what they like may be very different once the interaction occurs. It is reflected in their evaluation of the date. ,",2,AR8AGQVBAQ488
11,50,50,"It's sometimes right but ultimately I relied on my own analysis,",4,A27LCUA35LPVM8
12,80,80,"It made some predictions that seemed not to be in line with how the person rated the date. I wasn't sure what factors it was using to make the decisions.,",5,AKK6H2YXK4RF6
13,80,80,"The model agreed with what I felt was right most of the time, but occasionally I disagreed with it.,",4,AXAO7UJYYEFCO
14,50,50,"It seemed wrong too often. There were many cases where it didn't make sense for the machine learning model to disagree with me.,",2,A3JI3B5GTVA95F
15,50,80,"I did not really trust it because I watched very carefully especially toward the beginning and it did not make very much sense. There were times when a person highly rated someone and all traits matched and it predicted they would not want to see again and vice versa, so it just did not seem right.  ,",2,A3RHJEMZ4EGY2U
16,50,80,"The prediction model seemed pretty inaccurate, but I think that was part of the study. ,",3,A2SISDKXH7PVVW
17,50,80,"very good ,",2,A65FDBSWHLIVX
18,80,50,"Some of the predictions were questionable from the machine,",4,A25FH7PXC446RG
19,80,80,"I don't know how the machine learning model weighs certain things so I can't trust a process I don't understand. It also was only 80% accurate from what I was told.,",3,A30KMYNZB3WUYE
20,80,80,"I agreed with the machine learning most of the time but there were a few times it seemed really off.,",4,A1YT6E0W0SDP0R
21,50,50,"The survey is very nice,",4,A21RGGSDIG1OO9
22,80,80,"The machine learning does seem to be above average at predicting, however I do not know how the model comes to its conclusions.,",5,A2GTJ0BD4CG1A2
23,80,50,"Machines are programmed by humans and humans make mistakes.,",4,AMA4SXSYNC35I
24,50,50,"Because the machine agreed with me half of the time,",5,A35IOP4ISLMW5Q
25,80,80,"It doesn't have a track record for being right 100% of the time so I wasn't entirely trusting of it.,",5,A38N2MBXP7IOPS
26,50,50,"i have trust the prediction of our machine learning model.,",5,A248XX9O9V58EK
27,50,80,"I didn't feel there was any consistency in how the robot predicted whether the people would want to see their date again.,",2,A3FXXVWB4808XQ
28,50,80,"The machine is pretty accurate, but I do think most people would like another date with this person. ,",6,A3908297ZI3LES
29,50,80,"good survey ,",4,A3D65BKMRXQ0BD
30,50,80,"I am making guesses based on the information, if I don't know why the machine is differing from my guesses, I don't really trust it.,",2,A10DEO061A6L3O
31,80,50,"I felt like I should have done better if the machine was better at it. I don't trust it.,",2,A1KXESMB9K7504
32,50,50,"Didn't seem like it took into account all the desired trains and overall happiness with the date.,",2,A2XK2XQU5D3TER
33,50,50,"good survey,",7,A2YD4XK9B1TBKL
34,50,50,"I noticed some where the participant ranked their date extremely high in all areas, yet the machine predicted they would not want a second date. That seemed a bit odd, so I did not place much trust in it the rest of the way.,",2,A3GWRDHAURRNK6
35,50,50,"it seemed to go against what the forms clearly showed; and then i learned that it was only correct on 50% of the choices.,",2,A383WPMTMRQEA0
36,80,80,"going by what they said about previous and after ratings,",3,A3C7COPV48I37D
37,80,50,"I feel that humans can rate this info better than a machine. I could be wrong about that, but i trust myself since i am a human,",2,A1JWEKRBLSPL8S
38,50,50,"BECAUSE LEARNING IN THIS PREDICTIONS. SO I WILL TRUST,",5,A3RSSBNYBYYMUK
39,50,80,"it seemed pretty off on some people who specifically said they did not enjoy the date.,",4,A381DSGY6RMEWZ
40,50,80,"I disagreed with the machine learning mode numerous times and I think I was more correct. There were a few I wasn't sure about but for those, I went with my gut instinct.,",3,A1NFBKUYYVUYWF
41,80,80,"I disagreed a fair amount. I mostly went by final 2 scores about expectations of the date.,",2,A1DNJ17PE2RYJZ
42,80,80,"For the most part comparing the numbers, the AI was able to predict the same answer i had selected. There was some differences but i dont know what is the algorithms that the AI is using for this practice.,",5,AZL871S7SZCNS
43,80,50,"There were a lot of times that the machine would disagree with me but I trusted my decision over the machines.,",3,A27ZW1CY6TMKT8
44,80,80,"Yes, i have really trust the Machine learning model and i'm like the model,",4,A2XUW21MM3NSSP
45,80,80,"To me some of the predictions just seemed incorrect. So for those I kept my final answer the same as my first answer. ,",2,A3DUZ6WCFZRLX9
46,80,50,"Except for on the rare occasion, i thought the machine learning model was inconsistent and lacking the reasoning I did when evaluating the data and personal potentials.,",2,A2GVTP4DBFQTR8
47,50,80,"There were a couple of times where it felt totally which made me lose confidence in its ability. I decided to go with my own instinct and see how it matched up with it instead of relying on it.,",5,A2LAMCJLVCRQ4T
48,50,50,"i like it,",4,A1REVLWT8LRNC6
49,80,50,"Some time the different levels between the outcome and desired results were really different and I didn't agree with the predictions. ,",4,A12N488WIO2Q8Y
50,50,80,"I felt that it was accurate most of the time but I felt better about my own assessments,",5,A3A8P4UR9A0DWQ
51,50,80,"Sometimes the ratings seemed to signify one answer, but the machine surprisingly predicted the other answer, and it did not make sense. Other times, the machine served as a good justification to go back and double check erroneous or significant scores from the prediction or assessment of the date. I was surprised to learn the machine had an 80% success rate following the 20 profiles.,",3,A1CXB0JXEY20NV
52,50,80,"I feel like the predictions really do not showcase what someone would actually feel being on a date.,",1,A3FY6THWKRYN9M
53,80,80,"There were a couple of predictions the AI made that seemed really backwards to me, so I only relied on it a couple of times when it disagreed with me in a more ambiguous situation.,",3,AMPB8XFG3TNOQ
54,80,50,"very trust because it is an normal usage of the logins,",4,A3HN6KG4XV76RK
55,80,80,"I have trust the prediction of our machine learning model.,",7,A248XX9O9V58EK
56,50,50,"Sometimes the numbers seemed to not correlate with the advice of the machine and then I followed my own instinct,",5,A3AGQ2G8QI59EG
57,50,50,"some one,",5,A10M9EA93HFZU9
58,80,50,"tHE DEMONSTRATED PROFICIENCY ws no better than random guessing over the first 20 subjects In some cases, also, the machine choice seemed to be ignoring the daters preferences and observations,",1,A5TI9UQEPLNWI
59,80,50,"i will random answer participatents,",5,A2IENHEZ4PPE4Z
60,80,80,"My best prediction,",4,AO0SKP1RQ65PH
61,50,50,"Because it had a correct prediction of 50%.  This isn't a high number of right answers. ,",4,A170EDGL8ZWMSL
62,50,80,"Seemed very inaccurate. Can't detect human quality, yet.,",2,A3HNEYFOIJWPH1
63,50,50,"An accuracy rate of 50% is as good as a coin flip, or not very reliable at all. So I tended to ignore the machine's evaluation and went with my own intuition instead.,",1,A20CZCJPRP54G9
64,50,50,"I didn't feel like the machine model made logical predictions some of the time. I just relied on what I felt was correct.,",2,A1GZAHNN3T1AOJ
65,50,50,"In some cases, the date was a perfect match or above for the participant but the machine still said they wouldn't want another date. There were also times when preferred race wasn't considered.,",3,A25QWZD2F0XSEX
66,50,50,"represents totally trust,",6,A3FKDL7CAES4LP
67,80,50,"i guess it disagreed with me to many times lol or maybe is should trust it ,",4,A2BK8TOVJQHC0V
68,50,80,"Because it only really agreed with me about half the time.,",5,A2Z7SWO6HS5OOI
69,50,50,"The predictions by the machine were only 50% correct,",3,A36Z98LFRR041Q
70,80,50,"I trusted the machine learning model because more than half of the time we felt the same way about the date. So it was easy to build a trust with it.,",5,A11LL3J3YSXB4U
71,50,50,"I pored over the information and the AI recommendations made no sense to me, especially when looking at the numbers of whether they were pleasantly surprised at how well they liked the other person.,",2,A3DCRZTX0HIHBJ
72,50,50,"it was worthless, and the thing said it was correct on only fifty percent. so completely random,",1,ALF9AAZGQP4K5
73,80,50,"it seemed to base it on the wrong variables,",3,A3CTC7YNLG63OY
74,80,80,"There were some tasks where the pick the machine made seemed just way way off, and that really hurt my trust in it.,",2,A2XM0NXWJSURRX
75,80,50,"algorithm not too good,",5,A1GJOBAMXLEE42
76,50,80,"I was between a 5 and a 6, but basically my trust stems from having similar answers as me, and more importantly the statistic of an 80% success rate given during the break. ,",5,A17RFTJ869XGPQ
77,50,80,"Never trust a machine.,",1,A4158R4Y06ZB4
78,80,80,"Very interesting,",6,A149YGEHEW4LTE
79,80,80,"I was skeptical about a couple of the learning model's predictions during the first part of the experiment. But after I was informed that its predictions had been correct 80% of the time, I felt that I should trust it more often when I was unsure about my initial prediction.,",5,A1JS6T809ORXEF
80,50,50,"The machine gave bogus answers when the participant clearly enjoyed their date. I just didn't trust it after a few such answers so I went with my gut intuitions.,",2,A1QGBYG8FAN98B
81,50,50,"Good survey.,",6,A13YOOKZFZJJ10
82,50,80,"I trust my machine (human brain) over a computer when it comes to love. I'm looking at context (age, race, attributes) and using them to come up with complex computations. I don't think a machine has that ability when it comes to love. ,",1,A1U7IFPOFUBEJC
83,50,80,"There were instances where they enjoyed the date more than a seven and the model still disagreed with me when I picked that they wanted to date them again. I am a bit skeptical,",1,A2ZDXFFGSPHGBE
84,50,50,"It seemed to make predictions that were very contrary to the attributes someone was looking for.  Often, the person would seem to obviously like/not like their date, and the machine predicted the opposite.  ,",2,A2W0G89O7E9EFO
85,50,50,"It is only right roughly 50% of time, and had some questionably wrong decisions.,",3,A3FAF93BMDJLAL
86,50,50,"machine learning model,",5,AIKVGBWKQHTPQ
87,50,50,"I have no idea how the model has been programed so I am not sure how accurate it is. ,",2,A3J71HY4S92B8I
88,50,80,"Some of the predictions of the machine looked way off to me. ,",4,A29GJGXFU9BQQG
89,50,80,"Some of the predictions seemed way off, even though it looked like they were such a great match. Because of that I was wary of all of the machine learning model's predictions. Also, I missclicked on the attention check on Prediction Task 17 and was unable to go back and change my answer, I'm sorry if it caused any problems.,",3,ATMIFF1CQZR0A
90,50,50,"The algorithm works well on the decision making task,",6,A2L6V30CL1RU6
91,80,50,"I trust the machine a little bit, but I think there are other more human factors that have to be included in dating. \nAttraction is very important, and usually if humans aren't attracted at first there may not be a chance.,",4,A1F3TWJXGO0URG
92,80,50,"the above questions are very easily and day to life example of the questions,",6,AZXG2N87ERWCV
93,80,50,"Nothing,",5,A1YV6W4EZP9T4Q
94,80,50,"good this study all thoughts read and answer him very honestly him,",3,A24BTGE1EWQMG6
95,50,80,"hat kind of culture do you want to work in?\nWhat things, settings or resources are necessary for you to do your best work?\nWhat qualities do you feel make strong, healthy relationships?,",2,A2YD1EW0UXMARZ
96,80,50,"good study,",6,A2E9730O1S6JJM
97,80,80,"yes i have trust the prediction our machine learning model. i am very proud of the study.,",6,AR5OCKIP13OP7
98,80,50,"50% accuracy after 20 picks,",5,A3BS3RZIWQMB9G
99,80,50,"It said the machine got the predictions right about 50% of the time which is only slightly trustworthy.,",4,A21P1T8EW4NHOU
100,50,80,"I'm very middle-of-the-road with this. It only seemed to line up with my predictions about 50% of the time, and when it didn't I wasn't really sure why because I based mine off of the data in front of me. If everything on the chart seems to be more negative towards the person's date, I don't understand why sometimes the machine would say that the person would want to see the date again. Plus, during the \quick break\ it said my accuracy was at like 80%, which seems decent, especially since I didn't really take the machine's prediction into account very often.,",4,ARXON28XQQFJ5
101,50,80,"The first set of profiles the AI was making obvious errors.  The second set was more tricky.  A couple of times I changed my mind because of the AI during the second set.  ,",3,A20EU0UH5K3VGE
102,50,50,"I disagreed with the learning model on several occasions. Additionally, it was reported to me that the model is only 50% accurate. It is rather hard for me to trust the model on that basis.,",2,AAI3I3PT62PDK
103,80,50,"There was some examples that I believe were not correct, the couples probably  wouldn't get along.,",5,AQOXSP4W3ITSW
104,80,50,"I was told it was 50% accurate, so I was a bit ambivalent about trusting it. I went with its suggestions a few times anyway though. But sometimes I felt my answer (when it disagreed with me) was overwhelmingly better. ,",4,A1SHLWKA0UH1IS
105,80,50,"If the machine only has a 50% record, it seems like flipping a coin could be as accurate.,",3,AU0KL60G7FCCK
106,50,50,"I needed to trust my gut and judge by the data I was provided.  I didn't think the machine learning model was making the correct predictions a lot of the time.  I was more likely to go with the machine's predictions if I was on the fence choosing between the two options.,",3,A2W3I2GBGDB637
107,50,80,"Sometimes I would think that the person's date is not who the person indicates they exactly want. For some, I thought about the some of the ages and I would also look at how happy they said they could be. When the learning model said something that contradicts that, e.g., having someone possibly be unhappy with a person and wanting to see them again, it made me not want to trust the machine learning model.,",4,A2NE22627OOZYE
108,50,50,"The model gave a different choice than me much of the time, even in cases where I was very certain of my choice, so I ignored it to a large degree.,",2,A2EED3HLTA96CP
109,80,50,"It seemed some of the lower scores were chosen to date again, I had to disagree with that.,",5,A15SJZQBR8I3B3
110,80,50,"I mostly trust the predictions, but I also believe very strongly in the value of my own predictions. Guess we'll find out!,",5,A3JQHC96GU2RMC
111,80,80,"I think the machine uses an average of the highest values. I'm using my wits and gut.,",4,AL6KD1ZLYLJ61
112,50,80,"The person's actual rating of the date doesn't really seem to correlate well with the algorithm's prediction.,",3,A2LGGU6XX7Y9S9
113,80,80,"I think that the artificial intelligence bench lines are similar to a human outsider analyzing the data. AI is given a weight for each trait  and acts on the numerical data. A person viewing it may feel that some traits deserve more weight than the mathematical data provides. An example is that men feel looks of their partner is very important even if they do not rank it as important. A human may view this as more important that the numbers indicate.,",5,A10IJ2B94MS2MX
114,50,50,"Since round one the learning model only had a 50% accuracy I chose to go with my own gut feelings instead, especially when the enjoyment rate was very high or low and the machine would choose what to me was obviously incorrect.,",4,AS4E902OXUO5Z
115,50,50,"It cannot accurately measure human instinct and motivations.,",1,A2V4DP31BEVABF
116,50,50,"I didnt agree with most of its' predictions, so i have to say that I dont truly trust it.,",2,A2DWDTU1KVNISP
117,50,80,"I found that in some cases where the answer was obvious that the person would not pursue a second date the machine said they would. This made me loose trust in the machine.,",2,A1MRBBA2OLM223
118,50,80,"There were a few specific times where I felt very confident in my answer, but the machine did not agree with me. I felt like this happened around 5 or 6 times total throughout the entire trial. This lead to me being slightly weary to take the machines suggestion sometimes. There was once near the end that the machine really did convince me to change my mind and \think twice\.,",5,A30USRN6IWGIY8
119,50,50,"It looked like the model was basing its predictions on the difference between expectations and reality, which may be a valid predictor.,",4,A12O9P1OTMJOPW
120,80,50,"A lot of the predictions were way off, so it was hard to trust the model.,",1,A1ZSF0TMW419EK
121,50,50,"I was told it is 50% accurate.,",4,A1QY7CBO7FNPO8
122,50,80,"I think what is most important is what someones expectations are versus how they actually felt afterwards. Everyone may claim that they have preferences, but really what determines if you want to see someone again or not is how they made you feel and how well you found that you connected. ,",4,AA6RYE4V0IBKM
123,50,50,"I think sometimes the machine gets most of it correct. I don't think it will be perfect just like me.,",5,AMDKQKEILEP2N
124,50,50,"It seems that at the halfway point I was doing worse than expected to I started to follow the prediction of the AI because it seemed more accurate. ,",6,A2QDLFKBP4F1TT
125,80,50,"it's quite sensitive and agreed to most of my decision ,",5,ANPNK6CIBGLIF
126,80,50,"good survey,",3,A1HCH1XPO4SCJS
127,50,50,"good very nice,",6,A1L1J482VDIR0R
128,50,50,"I just think it seemed outright wrong most of the time.,",1,A2RGIULFG1GWF5
129,80,80,"It seems to match up okay with my gut feelings about the current date.,",5,A2KSAAQBU5R0F6
130,80,80,"Most of the time I agreed with the machine learning model. There were a few times we didn't agree and I stuck with my prediction, where a few times I ended up agreeing with the model.,",5,A25PFSORDO3SWQ
131,80,50,"The machine learning algorithm seems to be a 50/50, but then again so do I - mostly I'm judging whether the person was happy on the date. ,",4,A3HE7G3O3OST51
132,50,50,"A lot of times the machine model disagreed with my prediction and I felt mine was right so I only changed to their suggestion when I was unsure what to choose.,",4,A259UZJQOOVE4V
133,50,80,"Seems like i don't fully understand how the model makes predictions,",5,A191V7PT3DQKDP
134,80,50,"If it was 50% in the first 20 questions then it's not very accurate. I also thought it made some questionable conclusions when race was an issue and it ignored it.,",4,AS6U5AB31C0E6
135,50,80," represents totally trust,",3,A32LE7L4GZMI2D
136,50,80,"I chose the trust value of 4 because I'm not sure by just putting in numbers that you can predict the outcome. It really depends on the person giving themselves a chance to evaluate the possibilities of individuals.,",4,APDDA1Y59RHV9
137,80,80,"I work around machines and I know that they are error-prone. However, especially in terms of speed dating, I don't trust to make that much of a calculated decision because its not taking in factors like nervousness, mood, setting etc.,",4,A3QJNTSPNMMA31
138,80,50,"represend totally trust,",7,A2HXDROS3DHEQ
139,80,80,"Very interesting,",6,A2A9NJA8QHP04Q
140,80,50,"I havent seen the machine learning algorithm and so I do not trust it. I also used the information given to me about the likes and wants of the person so I went with that. ,",3,AIFRN9GF0Q1ZI
141,80,80,"I think that the machine can predict certain things when based on the numbers of characteristics, but it cannot consider the emotions and interest in other human beings when it comes to certain characteristics (race, attractiveness, etc) So I think it can attempt to predict but cannot always be counted on to be correct.  ,",4,ANK8K5WTHJ61C
142,50,50,"The model seemed to be wrong on a few questions that I feel were almost 100%. So i really didn't trust the model.,",3,A3QNCW3LR2AVOV
143,50,50,"machines are imperfect, but very helpful.  There are too many varibles to be able to translate to an machine.  Like Culture,",5,A3H0133NSXWYTM
144,80,80,"It made some odd predictions some of the time.,",2,A27BPRHBM28XZS
145,80,80,"It made reasonable suggestions.,",6,A3C0NQ2IP5FTZQ
146,50,80,"GOOD SUPER,",6,ADGGBT9FSNCD4
147,80,50,"I felt the model gave me wrong suggestions most of the time.  I felt I could make a better decision without consulting it.,",2,ATOMAIZXIR31I
148,80,50,"It made decisions that did not seem to fit the data.,",2,A2DDOEOO1D99X4
149,80,80,"machines can not understand people,",1,A26RO8GGTQAXGG
150,50,50,"i trust this software,",6,A26CTYO8NUB9IC
151,80,50,"Humans change their mind very quickly, machine can't predict that.,",2,A32ES5EUTQUQVN
152,50,80,"I am pretty sure that algorithms can be developed to estimate changes of compatibility. Still not all variables can be taken into account and it tries to predict human behavior. Humans are notoriously unpredictable.,",3,AXPBPXPFGL1VH
153,80,50,"Very interesting,",6,A4RUONDQQP7SJ
154,80,80,"good study,",4,A20Q20DY84HUBZ
155,80,80,"GOOD WORK,",5,A28RKM9Q1FIZEK
156,80,80,"It seemed off for the first few that it disagreed with me. ,",4,A3104SZBKEKVFM
157,80,50,"It seemed to have a mind of its own which was good but I trusted my own instincts too,",4,A2A6FH0F7LD9ND
158,80,50,"The machine learning model only being 50% accurate throughout half of the survey made me distrust it. ,",3,A38LEVBZ3P5F6T
159,80,80,"very nice,",6,A3347XWYJPX7QZ
160,50,50,"Love is a very strange thing. I don't think a machine will ever figure it out but I know I am WORSE at it than everybody so I 60% of the time roll with the machine.,",5,A37P8UZ3SAKM7A
161,80,50,"I did not trust it because it seemed random in its predictions but they did often align with mine so I trust it somewhat.,",3,ANVAFB99K5RKP
162,50,50,"GOOD SURVEY,",3,A32HSZ2F5S0EVS
163,80,50,"Because it was only fifty percent correct so I trust it only about that much.,",4,ANJJQV9EY4QQ4
164,50,50,"Sometimes the machine's predictions seemed obviously incorrect.  For example, sometimes a person would rate their date's attributes high and how much they liked their date as high, but the machine would predict they didn't want to see their date again.  This seems pretty unlikely in the real world.,",4,A30GCTXJ17JC3I
165,80,80,"Certainly there were times where the guy was super obviously happy with the date and it disagreed that he'd want to see her again,",3,A102NBAO98UAD8
166,50,80,"At first I did not trust the model that much but then the study said that it had predicted 80 percent correctly in the last 20 questions so I trust it more after hearing that but not 100 percent.,",5,A3N4L5F7CEY0B2
167,50,50,"SOME ONE VERY INTERESTING STUDY WORK,",5,AI980257EB0RK
168,80,80,"The machine learning model is mostly right, but not all the time, so I can't put my full trust in it.,",5,A1PKCBFB4QY19G
169,50,50,"50% is about as good as a lacrosse goalie, whom I do not trust with my life. If that is what the machine learning model's percentage is, then why the heck would I trust it over the toss of a coin, especially when it was clearly wrong on several scenarios!?,",2,AU2NVT51E749C
170,80,50,"I trusted it most of the time because it agreed with me.,",4,A1QB42OYEG1553
171,50,50,"I don't trust it because if a participant rated his/her date highly it would sometimes say they would not want a second date.,",3,A288RSAGJBLY9
172,50,80,"A few of the predictions seemed obviously off to me, which made me start to doubt its accuracy.,",4,A23NUJAGS4J5N
173,50,50,"I don't have that much trust in machine's prediction because, the machine cannot be as accurate as like the human thoughts.,",2,A1O8D22H0D03W1
174,50,80,"predictions seemed off in general and inconsistent,",2,A3T1AU8XOEZZXY
175,80,50,"Some of he times i was pretty much certain of my decision the machine was disagreeing so i dont have total confidence in it,",4,A3GDTSFHVBUJHD
176,50,80,"I have mixed feelings because something it was obvious that someone would want to see the other person again and the model would ddisagree, however it was correct on a lot of them.,",5,ANQ0RLFEZ17W0
177,80,80,"Sometimes when the machine learning model disagreed with me I couldn't figure out why which decreased my trust in it's choice.,",4,A2UAGNKP1BPON
178,80,50,"For the first 20 examples, I thought the machine was making predictions which I didn't agree with a lot more often.\nIn the last part after the break, I was less certain in my disagreements with the machine, though I stuck by them.,",5,A3DXLNAW0VJXBR
179,50,50,"Its 50% correct so I have somewhat trust in it. ,",4,AQ3HYOMBERB6D
180,50,80,"The machine seemed to be off with its predictions ,",1,A1940HXCOGYQ33
181,50,80,"well it is right 80% of the time so I have a lot but not complete trust in it as a result.,",6,A2ZJS73XSSMRTD
182,80,80,"I trust the prediction of the machine learning model because it correspond with my own analysis.,",6,A133QICISFDGCP
183,50,50,"I did the majority of my choosing with the last two boxes of the dating sheet. Based on this I think I did better then the computer, The computer For the most part -- I believe -- was random, and couldn't trust it.,",2,A1BNYBF79IQ89T
184,80,80,"it seem to agree with me for the most part and when it didn't i could see why, i only notice a few times its choices seemed wrong to me,",6,A1AYMXZRDWWOER
185,50,80,"i trust the machine because our predictions are to a large extent similar, we had a 80% similarities for 20 predictions.,",5,A1TAITQ1S1AO5G
186,50,80,"represents totally trust,",5,A3JKTMLUUCR46A
187,80,50,"We disagreed on what I thought were some obvious ones, so I stuck to my guns.,",3,AXY0D2AMLKE2A
188,50,80,"I did not trust the machine learning model during the first half of questions, until I learned it was 80% accurate and then I trusted it to a great extent,",6,A1EBGIM9CZTQLX
189,50,80,"Totally trust.,",7,A1JJ08HLIJ5HES
190,50,80,"the machine learning model was USELESS,",1,A39GADIK8RLMVC
191,80,50,"yes, the briefly explain is very smart adjustment in table is the trust the predictions of our machine learning model.,",5,AR2W2OCQVVMEY
192,50,80,"i have trust the predictions of our machine learning model.,",4,A248XX9O9V58EK
193,80,80,"When the prediction was opposite to mine it was apparent why this was so.  Plus the 80% score it had does not seem that high based on the information provided.,",3,A8C3WNWRBWUXO
194,50,80,"I looked at race/attractiveness first, and then the bot's suggestions. Most of hte time I trusted the bot.,",5,A212OY08MFDGU3
195,50,80,"I only used the algorithm if I had doubt, I like to trust my abilities.,",5,A1IFF4KV23FGHJ
196,50,80,"Machine learning practitioners often have to select a model from a number of alternatives, requiring them to assess.,",5,A1OZJGZOYEBD3C
197,50,80,"Good survey.,",6,A2YT9HJEU5KTYM
198,80,80,"most of the time we had same predictions but then on those that seemed \nlike a definite answer the machine chose differently like out in left field. ,",4,A3N770LD28YDL1
199,50,80,"it ignored the characteristics that people were looking for ,",4,AWGOCCOVKFBKV
200,50,50,"good survey,",6,A12V9E1PFJB558
201,50,50,"Sometimes the participant really liked their date when at first they thought they wouldnt. Even if the participant liked the date at a 7 or 8 but expected to not like them (around 2 or 3) the computer would say that they wouldnt want to see them again at all. I disagreed, if their final score is high then they would definitely want to.,",4,A1PGU0IWYPUSQ5
202,80,50,"the survey is very nice,",7,A15K078BTVWHGK
203,80,50,"I used my own assumptions based on how much the participant enjoyed his/her date and how close the percentages were based on importance (i.e., good looking, funny, etc..),",4,A3GEHH49HNJM57
204,50,80,"I am not sure the machine can account for how someone can become more attractive based on personality.  ,",2,A37R0JYAB3QEX9
205,50,80,"If I was unsure of what I would choose, I usually went with the machines answer,",4,A3VTOW7WLPTBRR
206,50,50,"I think that the model came off as trustworthy in the particularly ambiguous-feeling results such as those with a fun score of 6and a spread that's kind of close but not really to the participant's perceived desires of a date, but found it hard to believe any time the model would disagree on a date with a high level of enjoyment.,",3,A28P6WY5WP7F9Y
207,80,80,"I think the machine mostly agreed with me so I trust it.,",6,A1TA2I82B8DJSA
208,80,50,"I LIKE THE VERY GOOD SURVEY,",3,ATRNU3YBEHM96
209,50,50,"It was often very wrong from what I thought, and I trust a human more.,",3,AQ4NUYZWCDZ73
210,80,80,"I don't think the machine understands nuance.,",2,APEE4S9XXSMGC
211,80,50,"The predictions made by this machine is a trustworthy.,",4,A32WDYGNXRSKFM
212,80,50,"The machine learning model had a 50% initial success rate, so I'm unsure of it's total accuracy, and couldn't really rely on it during the task.,",3,A3DN8O93O3QJS1
213,80,50,"I didnt trust it that much considering there were many times when I it conflicted with my best judgement so I couldn't take it that seriously.,",4,A3VDG4N48AVYGQ
214,50,50,"I felt that the machine model failed to take into account certain aspects of the person's personality and how they felt of the date overall. It felt like the machine focused more on whether the participant ranked their date's traits in the same order as they preferred them.,",2,A11ZX9XUANWSAU
215,50,80,"I know that I was given the information that the machine learning model is 80% correct, but some of the predictions seemed highly unlikely based on the information I was given about the participants. Why would someone want to see their date again if they didn't like them? (\u003c5 on the liking them information) I guess I should have trusted it more though, given I disagreed with it quite often and it was at least 80% correct.  ,",3,A2GLSQQQE9UZA6
216,50,80,"my best predictions,",3,A3A1PMZDFJD218
217,80,80,"People are weird. However occasionally we fallow patterns. If it said something different I double checked my \math\, if i disagreed I disagreed.,",4,A2TH1TVKZ5Y6UZ
218,80,50,"In some of them, it just seemed as though the machine learning model was flat out wrong (Although I myself could be wrong),",3,A30W987G9S6F0G
219,50,50,"It was hard to trust the predictions after it only got 50% right in the first part, although I still used it as a guide when I was unsure because some were hard to predict on my own.,",2,AH4S22PWE826G
220,80,80,"The machine learning model was only accurate about 80% of the time which makes it unreliable to me.,",2,A38ZV8LBZ034IZ
221,50,50,"good survey,",5,A1I3ZBOV3UBWEF
222,50,50,"I think there are a lot of factors that could play in to whether they go on a date or not and no machine is smart enough to predict that accurately. ,",2,A3DQL1IS7JPEL8
223,50,50,"I feel like it didn't give much insight as to why it picked the way it did.,",4,A3FY6THWKRYN9M
224,50,80,"It often indicated people would want to see people again that didn't fulfill any of their preferred traits when they had a worse experience than predicted.,",2,ARL7HOWLEHNOP
225,50,50,"I have trust the predictions of our machine learning model.,",6,A248XX9O9V58EK
226,50,50,"If the math shows a growth then it is only fair to assume there will be a second chance, and no chance if the numbers go south but i am sure even i am wrong on assuming due to there is always things we dont see between the first and second,",4,A5SPTV3W3DP4B
227,50,50,"Interesting,",6,APUF32V1QEQPU
228,80,80,"Most of the predictions seemed reasonable, but I noticed some that didn't really make sense to me. A success rate of 80 percent is reasonably reliable though.,",6,AA8PZKO9XGCKO
229,50,80,"I think humans are more sensitive in this situation than AI,",3,A1RFH0LZHG2C1R
230,50,50,"some of the answers the machine gave i totally expected the opposite and didn't know where it got the answer from.,",4,A1UH66XLAH3SMZ
231,80,50,"I don't trust algorithms like that, I'd rather make my own choices.,",1,ACCXC5V05C9R9
232,50,80,"some don't seem to relate to some of the ratings the person gave, although usually its in the middle where I didn't agree with the prediction.,",4,A1MJVTR0PCKBWW
233,50,80,"I noticed it was pretty much spot on with the predictions ,",6,AW5O1RK3W60FC
234,50,80,"It seemed to be right most of the time, but there were some edge cases where people weren't honest on how much attractiveness mattered to them.,",5,A1K5UMQ040BJPN
235,80,50,"I don't think the AI is reliable enough, I made my own decision practically always,",2,A2VRDE2FHCBMF8
236,50,50,"The model's predictions seemed random and didn't make sense to me. And you told me that it was only 50% accurate on the first 20 questions.,",1,ACGHHDT7RY1AH
237,50,80,"i basically trust my gut ,",3,A264ZZ6XZVJMGF
238,80,50,"machine predictions can only choose based on data, they lack human intuition, gut feeling and other small human signs that can't be interpreted by a computer.,",3,A2L6GCRFAKUEXF
239,50,80,"yes, i have trust the prediction of our machine learning model.,",3,A3U02OJYNFHG27
240,80,50,"i feel like it agreed with me a lot so i'd trust it more.,",5,A3I1W58P6SIV26
241,80,50,"I do not trust its predictions because I was told that it has been only 50% accurate, which is just as bad as mere guessing.,",2,A1P3HHEXWNLJMP
242,50,50,"50% is not reliable, that's a coinflip. I can't trust a coin to always come up heads, or vice versa, so why would I trust the machine learning model in the same sense?,",2,A36A780ODXBDEH
243,80,80,"Some of the predictions were hard to understand why it predicted the way it did. ,",4,A14W79OV7SNWIV
244,50,80,"the survey is very nice,",7,A4XBIVMDZWNNT
245,50,80,"Based on the first 20 being so correct, I would defer judgement to the machine if I were ever in doubt. The machine's track record speaks for itself. ,",6,A3OV174HQJIJK8
246,80,50,"I feel like the machine learning got some really obvious ones wrong, so i went with what i thought.,",4,A1CW0W7Q2NLDDJ
247,80,50,"This is My best predict.,",5,AV588V0W6D9BJ
248,50,50,"nICE ONE,",6,AGJ5UT6CZ4A3C
249,80,80,"good study,",6,A2E9730O1S6JJM
250,80,50,"represents totally trust\n\n,",3,A2KX4U2D5MRB3S
251,80,80,"Some predictions i thought were wrong, but most seemed right.,",5,A3FTZV5B9ILQET
252,80,80,"Sometimes the machine prediction has completely wrong results, e.g. when 7/7 see/like scores should produce 'wanted to' results but opposite is seen instead.,",5,AAA96Z6PLD746
253,50,80,"Some of the machine predictions just didn't fit at all with the information in front of me.,",2,A23PSX2ZO4F65Q
254,50,80,"I trust the machine learning model to some degree because it has around an 80% accuracy.,",5,A2TLN8489YGY81
255,50,80,"I think more times than not it would be correct. ,",5,A3JUPCWYN6N6H4
256,80,80,"I trust myself more,",1,AADLI5VIU9K2I
257,50,80,"i will select the random participatents,",6,A21RGGSDIG1OO9
258,80,80,"because it is a machine and machines cant feel love,",5,AU3EV1ZS4045M
259,50,80,"i'm learning new method to see a model observations. In my daily life is used very well ,",5,AZOO1NLIYXGZ4
260,80,80,"I noticed that some of the machines recommendations didn't match the information that was provided on the screen, but overall it seemed like it make accurate predictions.,",6,A1P6LFEAY9MWAY
261,80,80,"It seems off on a few of them, a few were close calls where we disagreed,",5,A2DN53DIE3049T
262,50,80,"Sometimes even when they stats showed they got along great there was still the chance that they didn't want to see each other again.,",4,A3QOMMIZTW0XF1
263,80,50,"It did not seem to make very good predictions,",1,AU9LWTQSNY73
264,80,50,"I used the machine to kind of confirm my choices, but if it disagreed with me, I generally still went with what I thought.,",3,A2IVGLOBFOT67M
265,80,50,"it's only right half the time, and there's no way for it to factor in everything that I do,",4,A23FEELMFHLC9K
266,50,50,"I noticed that sometimes it would disagree with me even when it made absolutely no sense to me, but maybe I am missing something.,",4,A27A3Z6J7745DI
267,80,50,"Good survey.,",6,A13YOOKZFZJJ10
268,80,80,"i have trusted the prediction in our machine learning model,",4,A1CI9P0X55DOBK
269,50,80,"Sometimes it would agree with me, but there were way too many times where someone who would fairly obviously want or not want to see the date again ended up with the opposite prediction in the machine. My predictions were pretty much supported when the screen before the break said I was being 80% accurate but frequently wasn't agreeing with the machine. It didn't do too bad, but it wasn't spot-on.,",2,AHDW0M4017Z8K
270,50,50,"i go by how the person liked the date.. not by what the model wants to think,",3,A2ZD06QDBVKF59
271,50,80,"i have trust the predictions of our machine learning model.,",3,A15RTRQ5YO6AUS
272,80,50,"I was told the model was only 50% accurate and I don't know how it weighed each piece of data, difficult to trust,",2,A3HTLXAPOBCVVO
273,50,80,"It didn't seem to understand that most people will probably want to see a potential partner again if the date was rated a higher number than the participant's expectation number. ,",3,A381W4J8VWN442
274,50,50,"I think if the person gives a 6 or higher, they'll want to see them again. The machine learning thinks something different than me. I prefer my gut and my way that I would choose whether or not to see the person again.,",1,A2P5KISGDY7J28
275,80,50,"The machine learning model had the same answer as I did most of the time.,",5,A2FQQ6M82TDCVS
276,80,80,"I know that the machine only had a rate of being correct 80% of the time. ,",2,A1160COTUR26JZ
277,50,80,"There were several predictions that seemed obvious to me (the person liked their date 9 or 10 out of 10) where the machine predicted the person did not want to see the date again. I learned from that very quickly not to trust the machine.,",2,A374UTBB2JKAH0
278,50,80,"why you trust,",7,ADC98XLVHVCT1
279,50,80,"the survey is very nice,",6,A9JOPP35FOQTV
280,80,50,"The prediction tool was only correct in 50% of the cases. I would trust it more with a higher prediction rate of correct predictions.,",4,A2OZF756R5JSG4
281,80,80,"There were quite a few instances where I felt the machine didn't take something into account, like the percentage of importance placed on attractiveness or intelligence, for example.,",4,A1LE0PEWEHFOGG
282,50,50,"You told me it's only correct half the time, I think the computer is just randomly making selections,",2,A14RBE72CXZIF4
283,80,80,"GOOD SUPER SURVEY,",7,A3IBAGEKMDEGSI
284,50,80,"I felt it might have misjudged a few of them, but without actual statistics on how many times it was right vs myself I can't really make that judgement.,",4,A2EAJ7834XI2IT
285,50,80,"The machine learning algorithm predict depends more on age and race,",6,AUDASY9TFT50E
286,50,50,"It seemed 50/50. I could not tell how it was making its predictions, since they didn't seem to align with the data at all.,",1,AL8KOIH1DJ7D9
287,50,50,"usefull,",7,A41JLY0G1DFQZ
288,50,50,"i evaluated each participant by  considering each factor and then evaluating them as a whole like the race importance in collaboration with the other characteristics, i feel the machine did not this accurately,",4,A3AY99R13A7Y1A
289,50,50,"As a female, I already know that if another female has any positive or interested feelings for a male, she'll probably see her date again. The machine does not have this life experience. A female knows in the first .0005 seconds if she's into dating/hooking up/seeing a date again. So I had to disagree with the machine a few times when it the female on the date said she enjoyed her date, but the machine predicted she would not see her date again.,",4,A2I43BDUPAM00C
290,50,50,"I thought some of the machine learning predictions were fairly obvious and those of course I agreed with. When it came to the more borderline cases I thought some of the recommendations were off so I reexamined the data to see if there was something I was missing and that didn't appear to be the case. So I trusted the MLM on the obvious cases, made my own decisions on the more borderline cases. ,",4,A168B0VAQ1RXKB
291,50,50,"Predictions are truth of our machine learning model.,",6,A3D2B1JLGL2LPZ
292,50,50,"A machine cannot be an expert in emotional problems.,",5,A1PHDT66U6IK4Q
293,50,80,"It seemed like it was only 80% accurate and when the date exceeded the person's expectations, it would disagree more often that it should that they would want to see the other person again.,",3,A3EUGO4VR2N4G1
294,50,50,"represents totally trust,",2,A32LE7L4GZMI2D
295,80,50,"nothing,",6,A1KARJPNIVINRV
296,50,80,"They were some occasions that the machines prediction could not have been correct, so I lost trust in its predictions ,",3,A23I2KKW476D7X
297,80,80,"I think that machine learning model was pretty accurate, but sometimes it gave surprising results (when a person gave highest ratings and machine learning model thought he would not go on the date again...). I think the information about 80% correctness was accurate. Thank you!,",5,A9WIOFVRSYW3L
298,80,50,"I think the machine learning model is going by statistics but not too much by presumption of what human beings do.,",2,A2ML4TEAJTDQD0
299,80,80,"I'm on the fence about it. A majority of the time we have the same predictions, however when we do differ, I feel like I'm thinking about things more from the humans' perspective regarding what the potential daters would be thinking.,",4,A1RG62CQTBUGM0
300,80,50,"Some of the data put together can be very subjective which is why I would think the system would NOT be very reliable.,",4,A2Y0WNHMT4PZ4C
301,50,80,"I trust the machine learning because it takes into account all numbers and attributes to make a sensible choice but i also feel that it doesn't see the big picture with some choices.,",5,A196XR61DIW5GU
302,80,50,"In some predictions that I think are obvious, the machine did not have the same conclusion as me.,",4,A2CISHIOILFDHN
303,50,80,"I didnt think it was right as often as a human would be. Mostly because it cant think about it in a human way. humans will often settle for less than what they want,",4,A1NR3COO33J99C
304,50,50,"I trust the feedback of the actual person grading the date more than the machine model and sometimes it was way off,",1,A1VMPZVVVZUCS4
305,50,50,"I didn't know which criteria it was evaluating or putting the most weight on, so it was hard to trust it. I was also told more than halfway through that it was only right 50% of the time and I think I agreed with the machine a lot of the time (or it agreed with me) so I really started questioning my own predictions since I knew it wasn't that perfect.,",2,A1Q4ZOXZ0Y7K6I
306,50,80,"There were some situations, where I really had to think about whether or not they would want to see their date again, so during those situations I would take what the prediction of the learning model said into consideration.,",5,A7OZPNXIVO1FX
307,50,50,"It was 50% correct in the first block, so I can't put too much trust in its recommendations.,",4,A1WR3WTEHJEY2D
308,80,50,"the survey is very nice,",5,AHYP9A9MQT00F
309,50,80,"the very inserting in the answer,",3,A1SZHQPX3UV5BM
310,80,50,"Sentiment analysis models detect polarity within a text (e.g. a positive or ... Here's how a machine learning classifier can be implemented ... Imagine the responses above come from answers to the question What did you ... Positive â€œAmericans trust @realDonaldTrump to Make our Economy Great Again,",6,AIVCONP5S4OKQ
311,50,50,"I made this selection because I believe that the machine is only correct about half of the time. Therefore, I can't solely rely on it and I must use my own judgement at times though I am not at expert at making these types of decisions.,",4,A1RATFICCKLCQ
312,80,50,"Some of the recommendations seem off. I don't think the machine learning model is very well trained.,",3,AROZ6EDDUGTLP
313,80,80," represents totally trust,",2,A2YD1EW0UXMARZ
314,80,50,"It seemed like it was right most of the time.,",6,AL36KBFL3ORCD
315,50,50,"With the exception of a few, the model agreed with my choices which leads me to be more trusting of the predictions it makes. ,",5,AXYC1MB6XJ978
316,50,50,"represents totally trust ,",6,A3JKTMLUUCR46A
317,50,50,"I think humans are better judge of something like this, but who knows,",2,A60NQZ1KE5U8T
318,50,50,"yes i hove trust predication of our machine learning model,",3,A1IA0LI13Y1RLE
319,80,80,"Very interesting,",6,A122LKXH2UEZJX
320,80,80,"very good,",4,A30TZNE2ONAOEA
321,50,50,"Models can't really predict human emotions and feelings in my opinion.,",3,A2REBBMVBFBWFD
322,80,80,"I think there were some instances where the machine was completely wrong,",6,A1S315FYTGY9GL
323,50,50,"I think I know people better than a machine.  I think I did a better job.  It will be interesting to see the results.,",2,A7ERZELTAMWL5
324,50,50,"The model was somewhat compatible with my interpretation of the data.,",4,A314XJY8V1YL12
325,80,80,"The machine model made some predictions which are feel were mistakes, so I did not really trust it that much. ,",3,A2CWNRI11XJ7WX
326,50,50,"It got too many wrong for me to be completely trustworthy,",4,A345VDWYMDWTGD
327,50,50,"If I relied on it I would be redundant and I have no knowledge of it's overall accuracy (50% may not be true)\n,",1,A36O6HV8LCXLJR
328,50,80,"The model seemed to rely on some of the same factors I did like race and the ratings the person applied.  It seemed to follow the same logic I was using. ,",5,A2X3FSFHV5GHJU
329,80,50,"It can probably read the numbers better than I can. But Sometimes that doesn't always mean anything,",4,A1NRIT5DE3TBID
330,80,80,"I don't know, It just doesn't feel like it accounts for certain common-sense things. Perhaps attractiveness is a dealbreaker, regardless of date quality? The model doesn't seem to account for that.,",5,A2R1TM9CS8OAL
331,50,80,"Some of them felt kind of off to me, but at the same time an eighty percent correct rate is pretty good.,",5,A23BMD8M0RLV77
332,80,50,"the machine calculated the happiness of the participant and i guess it is innovative,",6,A3V1IC4MJ0F6JH
333,80,80,"I think it can't look at the numbers in a holistic way (hard to explain). It got some wildly wrong, but seemed to be correct some majority of the time.,",5,APQ5K76HIG41P
334,50,50,"It is based on an algorithym which is not always human nature.,",6,A24WVG86YLB7QK
335,50,80,"i feel like the machine knows some but not 100%like a person may,",5,A38K45F4I17TKB
336,50,50,"Sometimes I felt my analysis was correct when the machine thought the opposite.,",5,A3H35QRODK1C4K
337,80,80,"It's seemed like it might be somewhat accurate but not really perfect.,",5,A38DXFI1TZA295
338,50,80,"There were some ratings that I thought did not support what the machine predicted. ,",3,A1JJYY622DGE5L
339,80,80,"On several of the examples, the machine learning model made, what I believed to be, questionable choices. I could not determine the logic of those choices based on the given data, so I do not entirely trust their predictions.,",4,AK1Q45RF8A87Z
340,80,80,"i have no information or parameters on how the AI predicts so I am not completely convince.,",4,A3F51C49T9A34D
341,80,80,"There were times when I felt that the model did not take into account all potential variables. Often times I found the model disagreeing with my prediction. After 20 evaluations I was told that I had been correct 80% of the time. Given that the model had disagreed with me a fair amount of times during those 20 evaluations, I lost some faith in the models ability.,",4,A1BWS5AD2T4NIR
342,80,50,"i like it,",4,A1REVLWT8LRNC6
343,50,50,"The predictions seemed not to be based upon information from the table.,",3,A1DUPOUC9RNU4L
344,80,80," represents totally trust\n\n,",3,A1ZJLRH64XQTUV
345,50,50,"I can't know for sure without knowing if I did better than the machine or not but it seemed to me on many that were obvious to me the machine disagreed so that made my trust in it low.,",3,A1TMZLYXQAK8Q0
346,50,50,"It gave answers randomly it seemed like it did not look at the info given,",2,A1XQPDHAN5IY0R
347,80,80,"The model seemed to be obviously and completely wrong in at least a few cases such that even if it's right 80% overall, I don't trust it ,",1,A2T3N9U2VPSFUM
348,50,80,"There were multiple times where the person rated their date a 10/10 and the machine learning model said they would not want to see them again which I disagree with.,",1,A1G7GSCKWC9UBC
349,50,50,"Because it just didnt make sense when i looked at the graphs. I dont see how the machine came to those conclusioons according to the results. ,",4,A3SCEKR5XEWDRU
350,80,80,"There were a couple where I disagreed and didn't see a major reason why they wouldn't want to see the date again.,",5,ASUYD8BPYM85M
351,80,80,"I have some trust in it, but it was wrong a decent amount of time so it was just a tool I could do without unless I was really torn on it.,",4,A1YVMDRR9W1LZ1
352,80,50,"This is a model developed by experienced people who have many years of knowledge so I trust it to a degree.,",5,A6KB4VHCZYTY2
353,50,80,"I think sometimes when the ratings were high the machine gave \didn't want to see\ recommendation, which I don't think that is right. So I just pick the option I think is right to me. ,",3,A1MNVFRIMBY6SI
354,80,80,"Sometimes it made no sense especially looking at what was valued by the person and what those values were rated.  I don't thnk an 80% accuracy is all that good to be honest and trusted my own judgement all but one time.  One time it disagreed with me and I was on the fence originally so I changed it over but most of the time I stayed with my judgement even when it disagreed with me.,",4,A3862RIFFUV141
355,50,80,"Based on the factors given to consider I do believe the I was right many of the times and as you said it was right 80%. I trusted myself more.,",5,A2OX8TSRCU6NKD
356,50,50,"Very joyful,",5,A36V0PTWIU6RY4
357,50,50,"For at least 25% of the questions, the machine disagreed with me for a very easy prediction (I was VERY sure of my response) and after that, I could never trust it. However, if I was really on the fence, I might go with it because sometimes it did agree with me when I was pretty sure I was right.,",2,A2UCTX06NM6Y02
358,80,50,"There were some occasions where it had a different conclusion than me in what seemed like a pretty clear evaluation.,",4,A1GV1WGA3W6CLG
359,80,50,"it was right 50% of the time given the information,",4,A2N8FYNKM133KF
360,80,50,"it seemed right a little more then half the time so i trusted it a bit,",2,AZJVAP536DY13
361,80,50,"In the first half it was disagreeing with me that they'd want to see their date again when the candidates ranked the date 10 across the board. Could not trust it after that.,",2,A1R49MZPMBC5Z6
362,80,50,"i felt at times it did not represent the numerical data shown in the information giving. section 4 was the main element i used to make the decision in whether the individual wanted to see their date again, at times it was really obvious and the machine still disagreed with numerical confirmation of the data wanting to see their date again.,",3,A2NMLTECRDWFN2
363,50,50,"I am not a fan of AI honestly. ,",3,A3N66DKF3VNB9X
364,80,50,"I think, to lift our eyes above the any standard, is the supreme problem before our country and the world,",7,A1BFY9EY3HQITG
365,80,80,"I trust they have a further programmed understanding of pairing individuals than the average person.,",5,ANMMPQMC021PG
366,50,50,"The predictions from the machine seemed about as good as I was at scanning before and after data.,",7,A2OYA9178RSQ5W
367,50,80,"As a human, I tend to give most people the benefit of doubt. I don't think the machine is capable of that. ,",4,A1ZCP2OQXOMAHN
368,50,80,"Because machine can make mistakes, I would rather rely on my own predictions and be wrong than machine.,",4,A22BBAU24IEHPL
369,50,50,"It was often incorrect, and seemed to ignore how much the participant liked his/her date.,",3,A5PKYZJRK1ZFW
370,80,80,"I think you should trust the model because it was stated earlier that it can be 80% accurate and I feel it mostly agreed with me.,",4,AKR9067Q09RZS
371,50,50,"I didn't entirely trust the machine learning model as it was not aligning with my own judgment.  I felt like maybe it wasn't rating things as accurately as I was.,",3,A1AXN8VOE1LBL3
372,80,50,"I will give best predictions to my knowledge.,",6,A3AABE5BYIJZ8X
373,80,50,"There were times it obviously made the wrong choice when high values were given across the board.,",1,A3LPHYONE222OY
374,80,50,"very good predictions,",7,A1N0RSPRK548N2
375,50,50,"because i feel like a second date has to more with feelings instead of data,",1,A12TEFCQRSHNNI
376,80,80,"My best predict.,",5,AV588V0W6D9BJ
377,50,80,"I found it to pretty much agree with me in the second half.  When it did not agree with me, I was able to identify clear reasons I may have been wrong for the most part.,",6,A37Q4O126A4RNA
378,80,50,"In some ceases I think there is a great chances that the person would like the opposite sex but the machine disagrees....!,",5,A3SZF91DCOQPW3
379,50,50,"IF the model was only right half the time throughout the first 20 questions, then chances are high it was not all that accurate for all 31 questions. However, there were a couple of times that I had to look again at what was presented to make a final decision in light of what the model suggested. ,",3,A2W3Q8OCO18HEN
380,80,50,"I feel the machine made mistakes when it was obvious. Mostly we agreed though.,",4,A1Q07N0ONFDIT7
381,50,50,"I am kind of weary of how accurate it is. ,",4,A38YQZ9UK9BPK2
382,50,80,"I went with how high the person rated the person themselves. Not the prediction models. I did not pay attention to them. I felt it was off a lot. ,",4,A3O0EYFA3CCZ92
383,50,50,"The learning model often ignored how much the person placed importance upon appearance. If the person did not give the other individual a very high appearance reading, the machine learning model still indicated that he or she would want to see the other person again. If the person did not give the date a very high rating, machine learning model still indicated that they would want to see each other again. I disagreed.,",2,A19TD2J8506A4Y
384,50,50,"It was clearly wrong multiple times, so why should I trust it?  It's no better than the flip of a coin.,",1,A1PSYKZRKMGD6M
385,80,50,"Half the time the machine was correct.,",4,AP4FDDWBJW47O
386,80,50,"I just thought a robot could not tell as good as a person can.,",3,A2AY4ZM3Y9BTYZ
