,gender,age,age_o,race,race_o,samerace,importance_same_race,importance_same_religion,field,pref_o_attractive,pref_o_sincere,pref_o_intelligence,pref_o_funny,pref_o_ambitious,pref_o_shared_interests,attractive_important,sincere_important,intelligence_important,funny_important,ambition_important,shared_interests_important,attractive,sincere,intelligence,funny,ambition,attractive_partner,sincere_partner,intelligence_partner,funny_partner,ambition_partner,shared_interests_partner,sports,tvsports,exercise,dining,museums,art,hiking,gaming,clubbing,reading,tv,theater,movies,concerts,music,shopping,yoga,interests_correlate,expected_happy_with_sd_people,like,decision,local_index,confidence,accuracy,amount
132,female,27,23,'Black/African American',European/Caucasian-American,0,1,2,'TC [Health Ed]',25.0,10.0,35.0,15.0,0.0,15.0,20.0,20.0,20.0,10.0,10.0,20.0,7,8,7,8,7,3.0,4.0,5.0,4.0,4.0,2.0,1,2,2,8,8,8,1,2,6,8,8,8,9,7,7,8,8,-0.52,4,2.0,0,132,0.361292634773953,0.85,20
305,male,25,23,'Asian/Pacific Islander/Asian-American',European/Caucasian-American,0,9,6,'Operations Research',20.0,20.0,20.0,15.0,15.0,10.0,25.0,20.0,25.0,20.0,10.0,0.0,3,10,8,9,5,8.0,9.0,9.0,8.0,7.0,4.0,4,9,3,7,7,8,5,7,9,7,5,5,8,8,10,4,2,-0.38,3,3.0,0,305,-0.15822174546729098,0.6428571428571429,14
330,male,24,26,European/Caucasian-American,European/Caucasian-American,1,1,1,Economics,20.0,25.0,20.0,15.0,15.0,5.0,25.0,35.0,30.0,10.0,0.0,0.0,3,8,3,7,2,6.0,5.0,5.0,4.0,5.0,4.0,8,9,6,5,7,7,2,5,5,9,6,7,4,6,5,2,1,0.05,3,5.0,1,330,-0.4056839800834653,0.38095238095238093,21
370,male,26,25,European/Caucasian-American,European/Caucasian-American,1,2,3,Finanace,20.0,20.0,15.0,15.0,15.0,15.0,20.0,35.0,20.0,10.0,10.0,5.0,7,8,5,7,7,10.0,8.0,7.0,8.0,7.0,8.0,10,7,5,6,7,7,8,3,7,7,4,4,6,5,6,2,7,-0.24,7,9.5,1,370,0.47463962548144184,0.9629629629629629,27
414,male,25,27,'Asian/Pacific Islander/Asian-American',European/Caucasian-American,0,1,3,'Mathematical Finance',10.0,10.0,30.0,25.0,10.0,15.0,20.0,20.0,20.0,20.0,5.0,15.0,7,10,10,10,8,6.0,8.0,8.0,6.0,8.0,3.0,10,7,5,7,6,7,2,8,7,9,5,5,6,5,8,2,7,-0.01,6,7.0,0,414,-0.22605372805516386,0.23809523809523808,21
481,male,23,25,'Black/African American',European/Caucasian-American,0,1,1,LAW,20.0,20.0,15.0,15.0,15.0,15.0,20.0,25.0,25.0,10.0,10.0,10.0,6,10,10,9,10,8.0,9.0,8.0,10.0,9.0,8.0,10,8,4,5,5,4,1,6,10,9,7,5,10,7,10,5,1,0.53,7,9.0,1,481,0.3135350893324428,1.0,32
505,female,22,21,European/Caucasian-American,European/Caucasian-American,1,10,10,'Social Work',60.0,15.0,0.0,15.0,0.0,10.0,10.0,20.0,20.0,20.0,15.0,15.0,6,10,10,9,10,10.0,9.0,9.0,8.0,8.0,7.0,4,4,5,9,9,9,9,1,5,9,9,9,9,9,9,9,9,-0.34,9,8.0,1,505,0.2239213882784148,0.9375,32
579,male,21,23,European/Caucasian-American,Other,0,6,7,Law,17.0,17.0,17.0,17.0,17.0,15.0,60.0,15.0,0.0,15.0,0.0,10.0,6,8,8,10,10,8.0,8.0,9.0,9.0,8.0,6.0,9,10,6,4,3,3,7,6,7,7,8,3,10,6,8,2,1,-0.37,9,7.0,1,579,-0.15464162239566956,0.92,25
716,female,22,24,European/Caucasian-American,European/Caucasian-American,1,1,1,Communications,10.0,20.0,35.0,20.0,0.0,15.0,15.0,20.0,20.0,20.0,5.0,20.0,7,9,9,9,4,10.0,8.0,6.0,7.0,10.0,5.0,2,2,1,4,7,7,2,1,6,4,7,5,10,10,10,2,2,0.44,6,9.0,1,716,0.040680710879652214,0.8709677419354839,31
734,female,27,28,European/Caucasian-American,'Asian/Pacific Islander/Asian-American',0,3,2,Marketing,20.0,20.0,20.0,10.0,10.0,20.0,25.0,15.0,20.0,20.0,20.0,0.0,8,9,8,9,10,6.0,9.0,8.0,5.0,7.0,6.0,2,2,2,10,8,8,7,8,9,8,1,9,8,8,9,4,2,0.18,5,6.0,0,734,-0.921247260169986,0.26666666666666666,15
879,male,27,23,European/Caucasian-American,European/Caucasian-American,1,6,8,chemistry,15.0,15.0,20.0,15.0,15.0,20.0,20.0,15.0,25.0,15.0,20.0,5.0,9,8,7,9,9,7.0,6.0,6.0,6.0,6.0,5.0,8,3,8,9,8,8,9,5,8,7,3,8,7,6,8,3,7,0.59,8,6.0,0,879,-0.22251303854998639,0.4444444444444444,18
918,male,25,30,'Asian/Pacific Islander/Asian-American',European/Caucasian-American,0,1,1,Film,20.0,25.0,15.0,15.0,15.0,10.0,15.0,10.0,30.0,10.0,5.0,30.0,6,9,8,9,8,7.0,10.0,8.0,8.0,7.0,4.0,2,1,2,10,10,10,1,2,2,10,5,7,10,10,10,5,3,0.59,5,7.0,1,918,-0.34220376953220355,0.8157894736842105,38
987,male,22,21,Other,European/Caucasian-American,0,1,1,Law,15.0,15.0,25.0,25.0,15.0,5.0,40.0,15.0,10.0,20.0,5.0,10.0,7,10,8,8,8,10.0,10.0,10.0,10.0,10.0,10.0,7,9,7,9,7,6,5,6,6,6,8,7,8,8,8,5,4,0.08,6,10.0,0,987,0.5331219906212918,0.0,18
989,male,22,21,Other,European/Caucasian-American,0,1,1,Law,20.0,10.0,30.0,20.0,15.0,5.0,40.0,15.0,10.0,20.0,5.0,10.0,7,10,8,8,8,10.0,10.0,10.0,10.0,10.0,10.0,7,9,7,9,7,6,5,6,6,6,8,7,8,8,8,5,4,-0.05,6,10.0,0,989,0.5605349234466662,0.07142857142857142,28
991,male,22,21,Other,European/Caucasian-American,0,1,1,Law,20.0,10.0,20.0,20.0,20.0,10.0,40.0,15.0,10.0,20.0,5.0,10.0,7,10,8,8,8,10.0,10.0,10.0,10.0,10.0,10.0,7,9,7,9,7,6,5,6,6,6,8,7,8,8,8,5,4,0.12,6,10.0,0,991,0.3817322513736407,0.09090909090909091,22
997,male,18,21,'Asian/Pacific Islander/Asian-American',European/Caucasian-American,0,3,5,'Biomedical Engineering',20.0,10.0,30.0,20.0,15.0,5.0,50.0,10.0,20.0,5.0,5.0,10.0,8,7,7,7,8,4.0,5.0,4.0,4.0,5.0,4.0,9,9,8,8,3,2,5,5,6,2,7,2,7,7,7,7,5,0.07,5,4.0,0,997,0.1441685427527028,0.7,20
1004,male,22,20,'Asian/Pacific Islander/Asian-American','Black/African American',0,1,1,'Economics and Political Science',20.0,20.0,20.0,20.0,10.0,10.0,40.0,10.0,10.0,10.0,10.0,20.0,8,8,10,10,10,5.0,6.0,8.0,7.0,7.0,7.0,5,5,8,10,8,8,6,5,8,8,6,9,9,9,8,8,7,-0.04,6,7.0,1,1004,-0.636374927935838,0.6,15
1015,male,21,21,European/Caucasian-American,European/Caucasian-American,1,3,1,'Art History/medicine',20.0,10.0,20.0,20.0,20.0,10.0,20.0,15.0,20.0,15.0,12.0,18.0,9,6,10,9,10,10.0,5.0,6.0,10.0,10.0,10.0,3,1,9,10,9,10,1,1,10,9,2,9,9,9,9,10,7,0.47,6,10.0,1,1015,0.3594181616588521,0.9047619047619048,42
1019,male,22,20,European/Caucasian-American,Other,0,7,5,philosophy,15.0,15.0,20.0,25.0,10.0,15.0,25.0,40.0,15.0,10.0,5.0,5.0,9,10,9,9,9,7.0,8.0,7.0,6.0,6.0,6.0,10,8,7,8,8,7,5,2,7,10,5,8,8,9,10,6,7,0.3,6,6.0,1,1019,-0.3687131725864314,0.65,20
1058,female,25,28,European/Caucasian-American,European/Caucasian-American,1,8,4,Economics,50.0,0.0,25.0,10.0,0.0,15.0,35.0,10.0,35.0,10.0,10.0,0.0,8,9,8,9,8,9.0,9.0,9.0,9.0,9.0,9.0,3,8,7,8,5,5,8,4,5,7,8,7,7,7,5,8,7,-0.15,4,9.0,0,1058,0.1033611524507369,0.16,25
1066,female,21,30,European/Caucasian-American,European/Caucasian-American,1,8,1,Law,35.0,15.0,25.0,10.0,5.0,10.0,20.0,5.0,25.0,25.0,10.0,15.0,6,3,6,10,8,6.0,6.0,8.0,5.0,5.0,6.0,7,4,7,7,6,8,6,6,8,6,8,6,6,3,7,8,3,-0.05,7,6.0,1,1066,-0.7558154881242607,0.6666666666666666,18
1090,male,22,22,'Asian/Pacific Islander/Asian-American','Asian/Pacific Islander/Asian-American',1,3,5,Law,15.0,15.0,25.0,20.0,15.0,10.0,19.0,18.0,19.0,18.0,14.0,12.0,4,7,8,8,3,10.0,10.0,10.0,10.0,10.0,10.0,7,8,2,9,5,6,4,7,7,6,8,10,8,9,9,8,1,0.52,3,10.0,1,1090,0.5281540027387488,0.8536585365853658,41
1150,female,23,27,European/Caucasian-American,'Black/African American',0,2,4,Law,35.0,10.0,20.0,15.0,10.0,10.0,10.0,20.0,20.0,20.0,20.0,10.0,7,8,9,8,8,7.0,7.0,8.0,8.0,7.0,7.0,5,6,8,7,4,4,2,1,7,8,5,7,7,7,9,6,4,0.51,3,8.0,1,1150,0.1882617879228536,0.6153846153846154,13
1169,female,27,23,European/Caucasian-American,'Asian/Pacific Islander/Asian-American',0,5,8,'Organizational Psychology',20.0,25.0,20.0,15.0,10.0,10.0,10.0,10.0,30.0,25.0,10.0,15.0,7,8,7,9,5,4.0,4.0,6.0,7.0,5.0,4.0,6,4,6,10,9,8,7,6,7,5,6,10,7,8,7,4,9,0.07,7,4.0,1,1169,-0.06234818245792238,0.4375,16
1172,female,27,23,European/Caucasian-American,'Black/African American',0,5,8,'Organizational Psychology',20.0,25.0,25.0,10.0,10.0,10.0,10.0,10.0,30.0,25.0,10.0,15.0,7,8,7,9,5,5.0,7.0,6.0,7.0,4.0,5.0,6,4,6,10,9,8,7,6,7,5,6,10,7,8,7,4,9,-0.27,7,4.0,1,1172,-0.17263939130138542,0.47619047619047616,21
1371,male,29,23,European/Caucasian-American,'Asian/Pacific Islander/Asian-American',0,4,1,'Climate-Earth and Environ. Science',15.0,21.0,18.0,18.0,10.0,18.0,50.0,7.0,20.0,23.0,0.0,0.0,7,5,7,6,6,3.0,7.0,8.0,4.0,9.0,5.0,6,8,8,3,3,3,6,1,5,8,3,2,7,3,7,3,5,0.38,5,4.0,0,1371,0.08065328499013918,0.8181818181818182,11
1419,male,21,32,European/Caucasian-American,'Latino/Hispanic American',0,1,1,Religion,30.0,30.0,30.0,5.0,0.0,5.0,19.0,24.0,21.0,23.0,5.0,8.0,7,9,9,9,6,7.0,7.0,8.5,6.5,9.0,4.0,7,2,4,7,6,7,8,1,7,7,1,5,7,9,9,1,10,0.71,6,5.0,0,1419,-0.4383462756194715,0.5,10
1423,male,21,23,European/Caucasian-American,European/Caucasian-American,1,1,1,Religion,15.0,15.0,20.0,15.0,20.0,15.0,19.0,24.0,21.0,23.0,5.0,8.0,7,9,9,9,6,9.0,9.0,9.0,9.0,9.0,9.0,7,2,4,7,6,7,8,1,7,7,1,5,7,9,9,1,10,0.18,6,8.0,1,1423,0.5604050481143912,0.9354838709677419,31
1440,male,27,32,'Asian/Pacific Islander/Asian-American','Latino/Hispanic American',0,7,1,Business,30.0,30.0,30.0,5.0,0.0,5.0,20.0,20.0,20.0,20.0,10.0,10.0,5,8,5,8,5,2.0,6.0,6.0,5.0,5.0,3.0,9,9,7,9,10,9,9,1,5,9,5,8,9,8,5,3,5,0.43,9,5.0,0,1440,-0.31839367659264883,0.45,20
1526,female,23,26,European/Caucasian-American,European/Caucasian-American,1,5,2,Nutrition/Genetics,12.0,20.0,20.0,20.0,16.0,12.0,16.0,16.0,16.0,18.0,18.0,16.0,7,8,8,9,9,6.0,7.0,7.0,8.0,7.0,7.0,10,7,9,6,6,6,4,3,7,7,5,4,7,9,8,7,4,0.14,5,7.0,0,1526,-0.16925013905624772,0.11764705882352941,17
1532,female,23,28,European/Caucasian-American,European/Caucasian-American,1,5,2,Nutrition/Genetics,17.78,20.0,17.78,15.56,15.56,13.33,16.0,16.0,16.0,18.0,18.0,16.0,7,8,8,9,9,7.0,7.0,8.0,8.0,6.0,7.0,10,7,9,6,6,6,4,3,7,7,5,4,7,9,8,7,4,0.55,5,7.0,1,1532,-0.7161724553090578,0.8,30
1537,female,24,23,European/Caucasian-American,European/Caucasian-American,1,9,7,Neuroscience,19.05,19.05,19.05,19.05,9.52,14.29,11.36,18.18,22.73,18.18,11.36,18.18,5,5,7,9,7,7.0,10.0,10.0,7.0,9.0,8.0,2,1,2,9,9,5,2,2,1,8,10,10,10,5,8,9,2,0.42,5,8.0,0,1537,0.12866393544944577,0.12903225806451613,31
1541,female,24,27,European/Caucasian-American,'Asian/Pacific Islander/Asian-American',0,9,7,Neuroscience,15.22,15.22,19.57,17.39,13.04,19.57,11.36,18.18,22.73,18.18,11.36,18.18,5,5,7,9,7,9.0,9.0,9.0,8.0,9.0,8.0,2,1,2,9,9,5,2,2,1,8,10,10,10,5,8,9,2,0.34,5,8.0,0,1541,0.5787619390645683,0.36363636363636365,11
1613,female,28,28,European/Caucasian-American,'Asian/Pacific Islander/Asian-American',0,1,2,'international affairs - economic development',16.28,20.93,18.6,18.6,13.95,11.63,14.55,16.36,18.18,18.18,16.36,16.36,9,10,10,10,8,3.0,8.0,8.0,3.0,7.0,2.0,5,1,8,10,9,8,8,4,1,8,1,9,8,9,10,7,7,0.67,3,4.0,0,1613,0.11898278103210497,0.8636363636363636,22
1644,female,27,22,European/Caucasian-American,European/Caucasian-American,1,5,1,business,16.67,18.75,18.75,18.75,18.75,8.33,15.09,18.87,18.87,16.98,16.98,13.21,7,10,6,8,9,8.0,7.0,7.0,8.0,7.0,5.0,2,1,10,10,7,8,5,1,1,10,4,10,9,5,7,7,4,-0.18,3,7.0,1,1644,0.07282016064740096,0.5,10
1703,male,23,30,European/Caucasian-American,'Black/African American',0,3,4,'physics [astrophysics]',14.0,18.0,16.0,18.0,18.0,16.0,19.05,19.05,19.05,19.05,9.52,14.29,7,9,7,9,6,9.0,8.0,8.0,8.0,7.0,6.0,2,4,4,6,7,4,7,7,6,8,6,5,8,4,9,5,1,0.49,7,8.0,1,1703,0.27021951122312515,0.8888888888888888,27
1819,male,23,28,'Asian/Pacific Islander/Asian-American','Asian/Pacific Islander/Asian-American',1,1,1,'Cell Biology',9.76,19.51,19.51,14.63,19.51,17.07,11.11,17.78,17.78,17.78,17.78,17.78,5,5,5,5,5,7.0,7.0,7.0,6.0,6.0,5.0,5,5,3,5,5,5,5,3,3,5,3,5,5,5,3,3,3,0.2,5,6.0,0,1819,0.03157629546829008,0.38461538461538464,13
1828,male,28,36,European/Caucasian-American,European/Caucasian-American,1,2,3,Microbiology,18.18,18.18,18.18,18.18,13.64,13.64,17.78,20.0,17.78,15.56,15.56,13.33,7,9,7,8,7,7.0,8.0,9.0,7.0,8.0,7.0,10,7,8,9,9,7,7,1,6,4,2,7,6,8,8,4,4,0.01,6,7.0,0,1828,-0.1649816016135921,0.16666666666666666,18
1832,male,28,27,European/Caucasian-American,'Asian/Pacific Islander/Asian-American',0,2,3,Microbiology,14.0,20.0,20.0,14.0,18.0,14.0,17.78,20.0,17.78,15.56,15.56,13.33,7,9,7,8,7,10.0,9.0,8.0,7.0,8.0,6.0,10,7,8,9,9,7,7,1,6,4,2,7,6,8,8,4,4,0.07,6,8.0,0,1832,0.39466409909577355,0.0,27
1835,male,28,27,European/Caucasian-American,European/Caucasian-American,1,2,3,Microbiology,15.09,18.87,18.87,16.98,16.98,13.21,17.78,20.0,17.78,15.56,15.56,13.33,7,9,7,8,7,9.0,8.0,8.0,8.0,8.0,8.0,10,7,8,9,9,7,7,1,6,4,2,7,6,8,8,4,4,0.23,6,8.0,0,1835,0.3214816165581673,0.043478260869565216,23
1847,male,28,27,'Asian/Pacific Islander/Asian-American','Asian/Pacific Islander/Asian-American',1,2,1,Biochemistry,14.0,20.0,20.0,14.0,18.0,14.0,16.28,20.93,18.6,18.6,13.95,11.63,7,8,6,9,8,5.0,7.0,6.0,5.0,6.0,5.0,2,1,8,8,8,8,5,3,1,9,8,7,8,6,8,4,5,0.63,6,4.0,0,1847,-0.18588018618179453,0.47058823529411764,17
1869,male,27,24,European/Caucasian-American,European/Caucasian-American,1,5,7,Business,14.29,14.29,21.43,21.43,19.05,9.52,17.78,17.78,22.22,20.0,15.56,6.67,5,6,9,8,9,8.0,7.0,6.0,7.0,7.0,6.0,7,8,7,8,4,5,5,6,8,7,4,6,8,8,7,6,3,0.04,5,6.0,1,1869,-0.23525390530949838,0.7142857142857143,21
1890,male,22,31,European/Caucasian-American,European/Caucasian-American,1,5,7,math,12.0,20.0,20.0,20.0,14.0,14.0,18.37,18.37,20.41,20.41,16.33,6.12,7,9,9,9,9,7.0,7.0,7.0,7.0,7.0,5.0,10,8,9,6,5,6,7,4,8,7,4,5,6,9,10,3,6,0.39,3,6.0,1,1890,-0.7584377793343088,0.7058823529411765,17
1910,female,23,26,Other,European/Caucasian-American,0,5,8,'International Affairs',16.98,16.98,18.87,16.98,13.21,16.98,12.24,20.41,16.33,14.29,20.41,16.33,7,10,8,8,9,4.0,6.0,7.0,7.0,6.0,7.0,8,2,6,8,7,7,3,3,6,6,5,6,5,6,9,5,3,0.45,7,4.0,0,1910,-0.37625956654927606,0.6086956521739131,23
1918,female,28,25,'Asian/Pacific Islander/Asian-American','Asian/Pacific Islander/Asian-American',1,10,1,MBA,16.98,15.09,16.98,16.98,18.87,15.09,13.04,21.74,19.57,17.39,15.22,13.04,6,9,7,8,6,6.0,5.0,6.0,6.0,7.0,4.0,7,6,5,10,10,9,7,4,4,5,5,8,8,8,8,6,3,0.16,7,6.0,0,1918,0.04186945594930643,0.3076923076923077,13
1931,female,22,27,European/Caucasian-American,Other,0,8,3,'international affairs/international finance',16.98,16.98,16.98,16.98,16.98,15.09,15.09,16.98,16.98,16.98,18.87,15.09,9,9,8,9,9,4.0,6.0,6.0,3.0,5.0,4.0,5,9,6,8,6,4,2,3,7,9,7,6,7,3,4,5,1,0.05,6,5.0,0,1931,-0.352763114090495,0.7916666666666666,24
1937,female,30,25,'Latino/Hispanic American','Asian/Pacific Islander/Asian-American',0,5,1,'English and Comp Lit',16.98,15.09,16.98,16.98,18.87,15.09,19.15,21.28,17.02,17.02,12.77,12.77,8,10,6,8,10,4.0,6.0,6.0,5.0,6.0,6.0,5,5,10,10,7,7,5,1,7,10,1,8,8,7,9,10,9,0.41,2,2.0,0,1937,0.03288771679733066,0.5625,32
1939,female,30,26,'Latino/Hispanic American',European/Caucasian-American,0,5,1,'English and Comp Lit',16.98,16.98,18.87,16.98,13.21,16.98,19.15,21.28,17.02,17.02,12.77,12.77,8,10,6,8,10,4.0,8.0,7.0,6.0,6.0,7.0,5,5,10,10,7,7,5,1,7,10,1,8,8,7,9,10,9,0.41,2,3.0,0,1939,0.048414909218448834,0.5714285714285714,21
1965,female,22,25,'Black/African American','Asian/Pacific Islander/Asian-American',0,7,8,'Sociomedical Sciences- School of Public Health',20.93,16.28,23.26,16.28,11.63,11.63,15.38,19.23,19.23,17.31,17.31,11.54,9,9,9,9,9,8.0,8.0,9.0,8.0,9.0,9.0,3,6,5,9,9,9,6,3,9,9,9,9,9,9,9,9,6,0.54,4,8.0,1,1965,0.24551797618376117,0.8235294117647058,17
2053,male,24,24,European/Caucasian-American,European/Caucasian-American,1,2,7,Business/Law,20.0,22.5,17.5,22.5,10.0,7.5,19.57,19.57,15.22,17.39,15.22,13.04,7,10,9,9,10,5.0,7.0,6.0,5.0,5.0,6.0,7,5,7,7,3,2,6,8,7,9,6,3,6,7,8,4,5,0.32,4,6.0,0,2053,-0.8869181063560297,0.5625,16
2066,female,24,27,European/Caucasian-American,European/Caucasian-American,1,9,9,'Clinical Psychology',7.5,17.5,20.0,22.5,12.5,20.0,16.0,16.0,20.0,16.0,18.0,14.0,9,10,8,10,10,4.0,8.0,8.0,6.0,8.0,5.0,8,6,6,9,6,6,4,8,7,9,9,6,9,5,7,9,4,0.34,7,5.0,0,2066,-0.6013015551133291,0.48,25
2076,female,24,23,European/Caucasian-American,European/Caucasian-American,1,9,9,'Clinical Psychology',25.64,17.95,15.38,20.51,10.26,10.26,16.0,16.0,20.0,16.0,18.0,14.0,9,10,8,10,10,10.0,8.0,8.0,8.0,8.0,7.0,8,6,6,9,6,6,4,8,7,9,9,6,9,5,7,9,4,-0.07,7,7.0,1,2076,0.22709947262757044,0.88,25
2150,female,23,31,'Asian/Pacific Islander/Asian-American',European/Caucasian-American,0,8,5,'International affairs',17.78,17.78,17.78,17.78,13.33,15.56,15.38,19.23,17.31,19.23,9.62,19.23,7,9,7,9,7,4.0,4.0,4.0,4.0,4.0,2.0,6,8,6,9,8,8,9,5,7,4,9,9,9,9,9,10,4,0.03,6,2.0,0,2150,0.08081253965313062,0.4782608695652174,23
2162,female,30,32,European/Caucasian-American,European/Caucasian-American,1,2,1,History,17.24,17.24,17.24,17.24,13.79,17.24,17.5,17.5,20.0,12.5,20.0,12.5,9,7,7,9,9,3.0,10.0,10.0,4.0,10.0,2.0,8,3,10,10,10,10,1,1,7,10,4,7,8,3,5,7,1,0.38,4,6.0,0,2162,-0.7853713603622372,0.47058823529411764,17
2184,female,22,27,European/Caucasian-American,European/Caucasian-American,1,8,5,Mathematics,9.52,19.05,23.81,19.05,4.76,23.81,15.38,19.23,19.23,19.23,15.38,11.54,7,10,9,10,8,2.0,9.0,10.0,4.0,8.0,4.0,8,8,9,7,6,4,4,1,6,8,7,7,9,6,7,7,1,0.02,3,5.0,0,2184,-0.36835422770142273,0.5666666666666667,30
2188,female,22,23,European/Caucasian-American,European/Caucasian-American,1,8,5,Mathematics,25.64,17.95,15.38,20.51,10.26,10.26,15.38,19.23,19.23,19.23,15.38,11.54,7,10,9,10,8,9.0,8.0,8.0,9.0,8.0,8.0,8,8,9,7,6,4,4,1,6,8,7,7,9,6,7,7,1,0.5,3,8.0,1,2188,0.04936196056814319,0.9166666666666666,36
2192,female,22,42,European/Caucasian-American,European/Caucasian-American,1,8,5,Mathematics,23.81,23.81,23.81,23.81,2.38,2.38,15.38,19.23,19.23,19.23,15.38,11.54,7,10,9,10,8,5.0,9.0,8.0,8.0,8.0,5.0,8,8,9,7,6,4,4,1,6,8,7,7,9,6,7,7,1,0.04,3,5.0,0,2192,-0.3074741814027423,0.375,16
2201,female,22,23,European/Caucasian-American,European/Caucasian-American,1,4,10,Mathematics,25.64,17.95,15.38,20.51,10.26,10.26,16.0,20.0,18.0,20.0,18.0,8.0,9,8,9,10,7,10.0,8.0,8.0,10.0,9.0,9.0,3,1,8,6,4,2,2,1,6,7,10,6,8,3,7,9,2,0.05,3,9.0,0,2201,0.20498127440759592,0.08333333333333333,24
2206,female,26,23,European/Caucasian-American,European/Caucasian-American,1,8,6,business,17.02,21.28,17.02,21.28,14.89,8.51,19.61,15.69,17.65,15.69,17.65,13.73,9,5,9,10,10,5.0,6.0,7.0,8.0,7.0,6.0,10,5,9,9,10,10,3,1,9,8,4,5,5,3,8,10,7,0.5,4,7.0,0,2206,-0.2233275447614147,0.17647058823529413,17
2211,female,26,26,European/Caucasian-American,European/Caucasian-American,1,8,6,business,16.28,16.28,18.6,16.28,16.28,16.28,19.61,15.69,17.65,15.69,17.65,13.73,9,5,9,10,10,7.0,8.0,9.0,8.0,8.0,8.0,10,5,9,9,10,10,3,1,9,8,4,5,5,3,8,10,7,0.53,4,9.0,0,2211,0.22723773538754471,0.10344827586206896,29
2238,female,23,23,European/Caucasian-American,European/Caucasian-American,1,5,5,'climate change',25.64,17.95,15.38,20.51,10.26,10.26,15.38,17.31,19.23,19.23,11.54,17.31,7,8,9,10,5,9.0,7.0,6.0,4.0,9.0,2.0,8,2,6,8,6,6,7,2,6,9,3,3,8,5,6,3,5,0.36,5,6.0,0,2238,-0.5904725969130333,0.13636363636363635,22
2269,female,23,26,European/Caucasian-American,European/Caucasian-American,1,9,5,'MA Biotechnology',16.28,16.28,18.6,16.28,16.28,16.28,17.31,13.46,17.31,19.23,19.23,13.46,8,8,10,8,9,9.0,9.0,9.0,10.0,9.0,8.0,10,8,8,7,5,5,2,3,4,3,7,7,6,5,7,9,6,0.1,6,9.0,1,2269,0.42400239031913106,0.9393939393939394,33
2361,female,25,24,'Latino/Hispanic American','Asian/Pacific Islander/Asian-American',0,9,10,'International Affairs',13.51,18.92,21.62,13.51,13.51,18.92,15.52,17.24,17.24,17.24,17.24,15.52,8,10,9,9,9,6.0,8.0,9.0,7.0,7.0,6.0,8,7,9,8,8,7,6,7,7,8,7,10,10,8,9,8,5,0.09,7,6.0,0,2361,-0.32226605594138225,0.25,20
2373,male,23,25,European/Caucasian-American,European/Caucasian-American,1,6,8,'Computational Biochemsistry',13.21,18.87,18.87,16.98,16.98,15.09,17.02,21.28,17.02,21.28,14.89,8.51,8,10,10,9,8,9.0,5.0,6.0,7.0,6.0,5.0,9,3,10,8,6,7,7,4,7,3,1,9,6,4,6,7,1,0.59,6,8.0,1,2373,-0.18900786622250712,0.8378378378378378,37
2380,male,23,23,European/Caucasian-American,European/Caucasian-American,1,6,8,'Computational Biochemsistry',17.31,13.46,17.31,19.23,19.23,13.46,17.02,21.28,17.02,21.28,14.89,8.51,8,10,10,9,8,10.0,8.0,8.0,8.0,8.0,6.0,9,3,10,8,6,7,7,4,7,3,1,9,6,4,6,7,1,0.32,6,9.0,1,2380,0.26568207033777475,1.0,25
2391,male,26,23,'Asian/Pacific Islander/Asian-American','Asian/Pacific Islander/Asian-American',1,3,1,MBA,15.38,19.23,17.31,19.23,9.62,19.23,14.89,19.15,21.28,19.15,14.89,10.64,7,8,9,9,9,3.0,7.0,5.0,6.0,5.0,4.0,8,6,9,9,6,4,2,7,6,9,5,2,9,2,7,9,2,-0.36,7,3.0,0,2391,-0.1009024690641026,0.7142857142857143,28
2417,male,27,26,European/Caucasian-American,European/Caucasian-American,1,7,1,MBA,19.61,15.69,17.65,15.69,17.65,13.73,7.5,17.5,20.0,22.5,12.5,20.0,5,10,9,9,10,7.0,10.0,10.0,10.0,10.0,5.0,2,1,2,7,7,5,3,5,1,13,6,6,7,6,5,2,1,-0.08,6,9.0,0,2417,0.1577690961541379,0.047619047619047616,21
2445,male,26,27,European/Caucasian-American,'Latino/Hispanic American',0,8,1,Neurobiology,14.29,18.37,18.37,16.33,18.37,14.29,21.28,17.02,21.28,12.77,6.38,21.28,7,10,7,10,10,6.0,10.0,8.0,8.0,6.0,6.0,1,2,8,7,8,8,10,1,2,10,4,8,6,10,10,1,7,0.11,3,8.0,1,2445,-0.3151750985706331,0.6666666666666666,30
2487,male,25,27,Other,European/Caucasian-American,0,1,1,'International Affairs',15.38,19.23,19.23,19.23,13.46,13.46,16.67,16.67,16.67,16.67,14.81,18.52,10,10,10,10,10,8.0,8.0,9.0,10.0,8.0,9.0,9,9,5,10,9,10,10,6,8,10,2,5,5,5,9,5,5,0.6,10,9.0,1,2487,0.33469006500631987,0.96875,32
2506,male,27,24,'Asian/Pacific Islander/Asian-American',European/Caucasian-American,0,6,1,'Business [MBA]',16.0,16.0,20.0,16.0,18.0,14.0,15.56,17.78,17.78,17.78,17.78,13.33,7,9,7,9,9,4.0,3.0,6.0,7.0,6.0,5.0,5,6,3,7,6,3,4,3,7,8,7,8,8,4,4,4,1,0.41,6,6.0,1,2506,-0.44727528359565044,0.625,16
2508,male,27,25,'Asian/Pacific Islander/Asian-American','Asian/Pacific Islander/Asian-American',1,6,1,'Business [MBA]',17.65,17.65,17.65,15.69,15.69,15.69,15.56,17.78,17.78,17.78,17.78,13.33,7,9,7,9,9,6.0,5.0,5.0,4.0,3.0,3.0,5,6,3,7,6,3,4,3,7,8,7,8,8,4,4,4,1,0.15,6,5.0,1,2508,-0.33206714837529494,0.34615384615384615,26
2512,male,27,25,'Asian/Pacific Islander/Asian-American',European/Caucasian-American,0,6,1,'Business [MBA]',13.21,18.87,18.87,16.98,16.98,15.09,15.56,17.78,17.78,17.78,17.78,13.33,7,9,7,9,9,7.0,6.0,7.0,7.0,6.0,5.0,5,6,3,7,6,3,4,3,7,8,7,8,8,4,4,4,1,-0.07,6,8.0,1,2512,-0.15497359070972033,0.8666666666666667,30
2535,male,27,22,European/Caucasian-American,European/Caucasian-American,1,8,3,'Mathematics; PhD',16.0,20.0,18.0,20.0,18.0,8.0,9.52,19.05,23.81,19.05,4.76,23.81,4,9,7,9,4,8.0,5.0,6.0,7.0,6.0,3.0,5,1,6,8,10,9,6,4,7,9,1,9,9,10,8,3,1,-0.04,3,7.0,1,2535,-0.351470275780196,0.7,20
2538,male,27,31,European/Caucasian-American,'Black/African American',0,8,3,'Mathematics; PhD',14.58,16.67,20.83,18.75,16.67,12.5,9.52,19.05,23.81,19.05,4.76,23.81,4,9,7,9,4,6.0,5.0,6.0,2.0,5.0,4.0,5,1,6,8,10,9,6,4,7,9,1,9,9,10,8,3,1,0.65,3,6.0,0,2538,-0.11040291004659812,0.7333333333333333,15
2553,male,28,22,European/Caucasian-American,European/Caucasian-American,1,6,6,'History [GSAS - PhD]',15.38,19.23,19.23,19.23,15.38,11.54,17.39,17.39,19.57,19.57,10.87,15.22,7,8,7,9,6,6.0,7.0,7.0,7.0,7.0,6.0,8,7,6,6,8,7,6,7,8,9,6,5,10,6,7,5,2,0.2,7,5.0,1,2553,-0.5644214326213213,0.7142857142857143,21
2561,male,28,29,European/Caucasian-American,European/Caucasian-American,1,6,6,'History [GSAS - PhD]',20.0,15.56,20.0,15.56,11.11,17.78,17.39,17.39,19.57,19.57,10.87,15.22,7,8,7,9,6,9.0,9.0,9.0,8.0,7.0,7.0,8,7,6,6,8,7,6,7,8,9,6,5,10,6,7,5,2,0.06,7,8.0,1,2561,0.32059528784906305,0.9577464788732394,71
2581,male,32,29,European/Caucasian-American,European/Caucasian-American,1,1,3,Psychology,20.0,15.56,20.0,15.56,11.11,17.78,17.24,17.24,17.24,17.24,13.79,17.24,8,10,8,8,8,3.0,3.0,8.0,3.0,5.0,5.0,6,4,4,7,5,5,5,6,8,10,1,8,9,2,4,1,8,0.12,5,4.0,1,2581,0.03765973248142099,0.22580645161290322,62
2604,male,28,25,'Latino/Hispanic American','Latino/Hispanic American',1,4,9,MBA,15.52,17.24,17.24,17.24,17.24,15.52,14.71,14.71,14.71,14.71,20.59,20.59,5,9,7,6,7,7.0,7.0,8.0,8.0,7.0,8.0,10,8,3,8,8,8,7,3,9,8,8,9,7,9,9,2,6,0.03,4,8.0,1,2604,0.23686769755729117,1.0,11
2651,male,24,25,'Asian/Pacific Islander/Asian-American',European/Caucasian-American,0,1,4,Physics,13.21,18.87,18.87,16.98,16.98,15.09,13.51,18.92,21.62,13.51,13.51,18.92,5,8,4,7,8,4.0,7.0,7.0,4.0,5.0,4.0,3,1,2,8,4,5,8,4,6,9,2,4,7,8,9,2,8,0.61,7,3.0,0,2651,-0.04516253686594285,0.8333333333333334,12
2667,male,28,25,European/Caucasian-American,'Asian/Pacific Islander/Asian-American',0,7,1,biomedicine,17.65,17.65,17.65,15.69,15.69,15.69,21.43,16.67,21.43,16.67,11.9,11.9,8,7,5,10,10,6.0,7.0,8.0,2.0,1.0,1.0,8,5,7,7,1,1,5,3,3,8,5,1,5,2,6,1,1,-0.4,3,3.0,0,2667,0.07406420224369133,0.5454545454545454,33
2781,female,27,27,European/Caucasian-American,Other,0,3,5,'Arts Administration',25.0,15.0,20.0,20.0,15.0,5.0,15.0,20.0,20.0,15.0,15.0,15.0,10,9,10,9,8,9.0,8.0,9.0,8.0,9.0,7.0,8,5,8,8,10,10,8,2,8,7,5,9,9,10,10,7,6,0.14,5,8.0,1,2781,0.17983387687671282,0.875,40
2835,male,32,26,European/Caucasian-American,'Latino/Hispanic American',0,1,6,Philosophy,20.0,20.0,25.0,20.0,5.0,10.0,18.0,10.0,30.0,10.0,10.0,22.0,5,7,6,8,7,9.0,8.0,8.0,7.0,7.0,6.0,3,1,2,6,7,8,4,8,6,9,2,7,8,6,6,1,6,0.73,2,7.0,0,2835,-0.026437930477174913,0.09090909090909091,22
3089,female,29,28,European/Caucasian-American,'Black/African American',0,1,10,Psychology,20.0,18.0,20.0,17.0,10.0,15.0,10.0,40.0,20.0,20.0,0.0,10.0,6,10,5,9,3,10.0,9.0,9.0,6.0,6.0,5.0,9,9,8,7,7,3,7,1,3,10,4,1,7,5,8,1,1,0.48,1,9.0,0,3089,0.17132067380180013,0.13793103448275862,29
3131,female,26,28,European/Caucasian-American,'Latino/Hispanic American',0,1,3,English,23.0,18.0,21.0,18.0,10.0,10.0,15.0,15.0,25.0,20.0,5.0,20.0,8,7,8,9,5,3.0,7.0,6.0,4.0,6.0,4.0,7,1,7,5,7,8,6,1,5,9,7,4,8,2,6,2,1,0.05,3,3.0,0,3131,-0.2800579149493389,0.7894736842105263,19
3152,female,28,24,European/Caucasian-American,'Latino/Hispanic American',0,2,2,french,30.0,10.0,20.0,20.0,10.0,10.0,25.0,20.0,20.0,25.0,0.0,10.0,8,8,7,7,4,4.0,4.0,6.0,4.0,4.0,1.0,5,4,5,4,7,8,8,1,6,5,1,4,10,6,7,2,6,0.03,4,2.0,0,3152,0.44587638571344707,0.8461538461538461,26
3153,female,28,26,European/Caucasian-American,European/Caucasian-American,1,2,2,french,24.0,16.0,28.0,14.0,8.0,10.0,25.0,20.0,20.0,25.0,0.0,10.0,8,8,7,7,4,4.0,6.0,7.0,5.0,4.0,1.0,5,4,5,4,7,8,8,1,6,5,1,4,10,6,7,2,6,0.52,4,4.0,0,3153,-0.15455810332338835,0.6,20
3154,female,28,25,European/Caucasian-American,European/Caucasian-American,1,2,2,french,27.0,15.0,28.0,10.0,10.0,10.0,25.0,20.0,20.0,25.0,0.0,10.0,8,8,7,7,4,7.0,9.0,9.0,6.0,5.0,3.0,5,4,5,4,7,8,8,1,6,5,1,4,10,6,7,2,6,0.17,4,6.0,0,3154,-0.39773614091713894,0.16666666666666666,18
3156,female,28,24,European/Caucasian-American,Other,0,2,2,french,20.0,20.0,25.0,25.0,5.0,5.0,25.0,20.0,20.0,25.0,0.0,10.0,8,8,7,7,4,2.0,6.0,7.0,2.0,6.0,1.0,5,4,5,4,7,8,8,1,6,5,1,4,10,6,7,2,6,0.01,4,2.0,0,3156,0.4829357223990277,0.8421052631578947,19
3157,female,28,22,European/Caucasian-American,'Asian/Pacific Islander/Asian-American',0,2,2,french,35.0,40.0,5.0,5.0,7.0,8.0,25.0,20.0,20.0,25.0,0.0,10.0,8,8,7,7,4,2.0,2.0,7.0,0.0,4.0,0.0,5,4,5,4,7,8,8,1,6,5,1,4,10,6,7,2,6,0.01,4,1.0,0,3157,0.6210843728790522,0.7368421052631579,19
3158,female,28,34,European/Caucasian-American,European/Caucasian-American,1,2,2,french,30.0,10.0,30.0,10.0,5.0,15.0,25.0,20.0,20.0,25.0,0.0,10.0,8,8,7,7,4,8.0,5.0,8.0,2.0,4.0,0.0,5,4,5,4,7,8,8,1,6,5,1,4,10,6,7,2,6,0.37,4,2.0,0,3158,-0.17895007960879042,0.5555555555555556,18
3160,female,28,28,European/Caucasian-American,'Black/African American',0,2,2,french,20.0,18.0,20.0,17.0,10.0,15.0,25.0,20.0,20.0,25.0,0.0,10.0,8,8,7,7,4,6.0,7.0,8.0,6.0,4.0,0.0,5,4,5,4,7,8,8,1,6,5,1,4,10,6,7,2,6,0.53,4,6.0,1,3160,-0.38016640132849977,0.5,18
3161,female,28,28,European/Caucasian-American,'Latino/Hispanic American',0,2,2,french,23.0,18.0,21.0,18.0,10.0,10.0,25.0,20.0,20.0,25.0,0.0,10.0,8,8,7,7,4,4.0,5.0,4.0,5.0,6.0,0.0,5,4,5,4,7,8,8,1,6,5,1,4,10,6,7,2,6,0.29,4,2.0,0,3161,0.02362447666086218,0.8421052631578947,19
3166,female,26,25,'Asian/Pacific Islander/Asian-American',European/Caucasian-American,0,2,2,Nutritiron,60.0,20.0,0.0,20.0,0.0,0.0,20.0,30.0,10.0,15.0,10.0,15.0,7,6,5,7,7,6.0,6.0,5.0,5.0,6.0,6.0,4,8,5,9,7,6,4,7,8,3,9,5,9,4,9,10,2,-0.7,4,6.0,0,3166,-0.6799125051790356,0.3,10
3172,female,26,27,'Asian/Pacific Islander/Asian-American','Asian/Pacific Islander/Asian-American',1,2,2,Nutritiron,50.0,10.0,10.0,10.0,10.0,10.0,20.0,30.0,10.0,15.0,10.0,15.0,7,6,5,7,7,3.0,7.0,7.0,5.0,5.0,4.0,4,8,5,9,7,6,4,7,8,3,9,5,9,4,9,10,2,-0.51,4,5.0,0,3172,-0.31168686389504763,0.5,16
3277,female,25,34,European/Caucasian-American,European/Caucasian-American,1,10,10,'Social Work',30.0,10.0,30.0,10.0,5.0,15.0,25.0,20.0,25.0,25.0,5.0,0.0,9,10,10,9,10,7.0,6.0,9.0,7.0,8.0,6.0,6,7,10,10,9,8,7,6,8,9,9,9,9,9,10,9,8,0.46,8,7.0,1,3277,0.016091778955250623,0.8421052631578947,19
3452,male,23,26,'Black/African American','Black/African American',1,1,1,'Electrical Engineering',20.0,20.0,20.0,10.0,20.0,10.0,25.0,15.0,20.0,20.0,10.0,10.0,7,9,9,7,10,8.0,8.0,8.0,8.0,8.0,8.0,10,10,10,5,4,4,4,7,8,9,5,7,7,7,10,5,1,-0.44,5,8.0,1,3452,-0.226068619368613,0.85,20
3481,male,24,28,Other,'Latino/Hispanic American',0,1,1,engineering,0.0,25.0,25.0,25.0,25.0,0.0,20.0,20.0,25.0,25.0,5.0,5.0,8,10,10,10,8,5.0,5.0,5.0,5.0,4.0,4.0,5,7,6,10,9,10,9,14,5,9,7,3,10,10,10,10,10,0.11,10,4.5,1,3481,-0.1039674956135906,0.38461538461538464,13
3482,male,24,33,Other,'Asian/Pacific Islander/Asian-American',0,1,1,engineering,25.0,30.0,10.0,10.0,5.0,20.0,20.0,20.0,25.0,25.0,5.0,5.0,8,10,10,10,8,5.0,5.0,5.0,4.0,4.0,4.0,5,7,6,10,9,10,9,14,5,9,7,3,10,10,10,10,10,0.01,10,4.5,1,3482,0.009874897933896086,0.25,16
3510,male,22,26,'Asian/Pacific Islander/Asian-American','Asian/Pacific Islander/Asian-American',1,1,1,'International Politics',15.0,20.0,20.0,20.0,15.0,10.0,35.0,40.0,5.0,5.0,7.0,8.0,7,10,5,7,10,4.0,6.0,5.0,4.0,5.0,7.0,2,1,5,7,2,2,9,6,4,10,8,8,10,8,8,8,8,0.1,8,4.0,0,3510,-0.20820542123343794,0.631578947368421,19
3533,male,27,32,European/Caucasian-American,European/Caucasian-American,1,3,5,Sociology,15.0,5.0,45.0,10.0,15.0,10.0,20.0,20.0,15.0,25.0,10.0,10.0,5,8,7,8,7,3.0,6.0,5.0,3.0,5.0,3.0,9,5,3,8,5,5,6,4,4,9,2,6,7,5,7,2,2,0.31,5,3.0,0,3533,0.06147323550006677,0.875,16
3607,male,28,26,'Black/African American','Asian/Pacific Islander/Asian-American',0,7,1,'International Affairs',16.67,16.67,16.67,16.67,16.67,16.67,20.0,18.0,20.0,17.0,10.0,15.0,8,10,8,10,10,5.0,10.0,8.0,4.0,6.0,4.0,10,5,8,8,7,5,10,7,9,7,4,7,9,5,10,1,1,-0.24,6,5.0,0,3607,-0.39127993692537116,0.6428571428571429,14
3701,female,22,36,European/Caucasian-American,European/Caucasian-American,1,7,1,English,20.0,16.0,16.0,16.0,16.0,16.0,10.0,30.0,20.0,10.0,15.0,15.0,7,10,9,10,10,6.0,7.0,7.0,6.0,7.0,5.0,3,1,3,5,10,10,3,1,4,10,5,10,10,10,10,9,7,0.25,1,6.0,0,3701,-0.6024010810144542,0.5714285714285714,14
3724,female,35,27,European/Caucasian-American,European/Caucasian-American,1,1,1,Anthropology/Education,6.67,19.05,42.86,9.52,14.29,7.62,15.0,20.0,25.0,15.0,15.0,10.0,8,9,9,9,10,8.0,10.0,10.0,8.0,7.0,7.0,8,2,8,9,10,10,7,2,5,8,2,10,8,8,10,4,2,0.77,9,8.0,1,3724,0.3132175612119141,1.0,22
3741,female,34,29,European/Caucasian-American,Other,0,3,8,'bilingual education',40.0,30.0,10.0,8.0,2.0,10.0,20.0,20.0,20.0,20.0,10.0,10.0,9,9,8,9,8,5.0,10.0,10.0,5.0,10.0,2.0,5,3,9,10,7,8,5,1,5,9,5,9,10,9,9,5,9,0.15,2,6.0,1,3741,-0.248615198547921,0.7222222222222222,18
3792,female,22,29,'Asian/Pacific Islander/Asian-American','Asian/Pacific Islander/Asian-American',1,6,2,TESOL,50.0,20.0,10.0,10.0,5.0,5.0,16.0,20.0,19.0,16.0,18.0,11.0,6,9,8,8,8,8.0,8.0,7.0,8.0,7.0,6.0,6,6,9,8,5,5,7,4,5,6,9,9,9,5,5,9,5,0.0,7,8.0,1,3792,0.43968515975703737,1.0,20
3828,male,27,22,'Asian/Pacific Islander/Asian-American','Asian/Pacific Islander/Asian-American',1,7,3,'Cognitive Studies in Education',16.0,20.0,19.0,16.0,18.0,11.0,17.0,19.0,18.0,17.0,11.0,18.0,7,10,8,8,7,10.0,10.0,10.0,10.0,8.0,7.0,7,7,7,8,8,8,8,7,3,7,9,8,9,7,8,7,7,0.39,7,9.0,0,3828,0.362847903747999,0.037037037037037035,27
3989,female,25,29,'Asian/Pacific Islander/Asian-American','Asian/Pacific Islander/Asian-American',1,1,1,'Instructional Tech & Media',40.0,10.0,15.0,10.0,10.0,15.0,10.0,20.0,20.0,20.0,10.0,20.0,7,9,6,8,3,8.0,7.0,8.0,7.0,7.0,6.0,5,7,7,7,8,7,7,6,6,7,8,9,9,8,8,8,6,-0.37,8,7.0,1,3989,0.3304652167357063,0.9230769230769231,13
3993,female,23,30,European/Caucasian-American,'Asian/Pacific Islander/Asian-American',0,8,3,'School Psychology',60.0,10.0,10.0,10.0,5.0,5.0,40.0,10.0,15.0,20.0,10.0,5.0,9,9,9,9,8,1.0,10.0,10.0,6.0,5.0,1.0,8,8,6,10,8,8,9,6,9,7,8,10,8,10,10,7,7,0.04,5,3.0,1,3993,0.23513775618284072,0.20689655172413793,29
3994,female,23,23,European/Caucasian-American,European/Caucasian-American,1,8,3,'School Psychology',50.0,5.0,15.0,20.0,10.0,0.0,40.0,10.0,15.0,20.0,10.0,5.0,9,9,9,9,8,3.0,6.0,7.0,7.0,6.0,3.0,8,8,6,10,8,8,9,6,9,7,8,10,8,10,10,7,7,-0.25,5,7.0,1,3994,-0.3605167137079423,0.75,20
3995,female,23,29,European/Caucasian-American,'Asian/Pacific Islander/Asian-American',0,8,3,'School Psychology',40.0,10.0,15.0,10.0,10.0,15.0,40.0,10.0,15.0,20.0,10.0,5.0,9,9,9,9,8,2.0,6.0,8.0,9.0,5.0,2.0,8,8,6,10,8,8,9,6,9,7,8,10,8,10,10,7,7,-0.26,5,7.0,1,3995,-0.3657421084127987,0.5652173913043478,23
3996,female,23,24,European/Caucasian-American,European/Caucasian-American,1,8,3,'School Psychology',20.0,10.0,20.0,20.0,15.0,15.0,40.0,10.0,15.0,20.0,10.0,5.0,9,9,9,9,8,1.0,7.0,10.0,6.0,10.0,1.0,8,8,6,10,8,8,9,6,9,7,8,10,8,10,10,7,7,-0.12,5,1.0,1,3996,0.39983704534974446,0.05555555555555555,18
3997,female,23,25,European/Caucasian-American,'Latino/Hispanic American',0,8,3,'School Psychology',20.0,15.0,30.0,10.0,15.0,10.0,40.0,10.0,15.0,20.0,10.0,5.0,9,9,9,9,8,3.0,7.0,8.0,9.0,6.0,2.0,8,8,6,10,8,8,9,6,9,7,8,10,8,10,10,7,7,0.33,5,2.0,1,3997,0.18607755249129818,0.15,20
3998,female,23,28,European/Caucasian-American,European/Caucasian-American,1,8,3,'School Psychology',17.0,17.0,17.0,17.0,16.0,16.0,40.0,10.0,15.0,20.0,10.0,5.0,9,9,9,9,8,1.0,7.0,9.0,7.0,6.0,1.0,8,8,6,10,8,8,9,6,9,7,8,10,8,10,10,7,7,0.15,5,3.0,1,3998,0.40540543264116063,0.15789473684210525,19
3999,female,23,27,European/Caucasian-American,Other,0,8,3,'School Psychology',10.0,20.0,25.0,20.0,20.0,5.0,40.0,10.0,15.0,20.0,10.0,5.0,9,9,9,9,8,1.0,7.0,9.0,2.0,5.0,2.0,8,8,6,10,8,8,9,6,9,7,8,10,8,10,10,7,7,0.2,5,2.0,1,3999,0.059492460295978454,0.21052631578947367,19
4024,female,29,25,European/Caucasian-American,'Latino/Hispanic American',0,1,1,'art education',20.0,15.0,30.0,10.0,15.0,10.0,15.0,22.0,22.0,16.0,15.0,10.0,8,9,5,8,8,7.0,7.0,9.0,6.0,7.0,6.0,3,2,7,7,10,10,3,1,4,10,2,10,7,6,8,2,1,0.73,4,8.0,1,4024,-0.27181851919478456,0.8571428571428571,14
4028,female,22,23,'Asian/Pacific Islander/Asian-American',European/Caucasian-American,0,3,3,'MA in Quantitative Methods',50.0,5.0,15.0,20.0,10.0,0.0,15.0,25.0,15.0,20.0,10.0,15.0,8,10,9,7,9,8.0,9.0,9.0,8.0,9.0,7.0,8,7,7,8,5,5,2,2,9,5,7,2,8,4,9,5,2,0.08,7,8.5,1,4028,0.1855068286892143,0.9666666666666667,30
4037,female,34,24,European/Caucasian-American,European/Caucasian-American,1,1,1,'Early Childhood Education',20.0,10.0,20.0,20.0,15.0,15.0,15.0,15.0,10.0,25.0,10.0,25.0,7,9,9,7,4,7.0,7.0,7.0,5.0,6.0,5.0,4,7,4,6,7,7,10,2,1,9,3,7,7,9,9,4,10,0.09,4,6.0,1,4037,-0.21902698940489884,0.5,14
4038,female,34,25,European/Caucasian-American,'Latino/Hispanic American',0,1,1,'Early Childhood Education',20.0,15.0,30.0,10.0,15.0,10.0,15.0,15.0,10.0,25.0,10.0,25.0,7,9,9,7,4,6.0,7.0,7.0,4.0,6.0,2.0,4,7,4,6,7,7,10,2,1,9,3,7,7,9,9,4,10,0.74,4,4.0,0,4038,-0.26953261639065385,0.5555555555555556,18
4046,male,30,29,'Asian/Pacific Islander/Asian-American',European/Caucasian-American,0,1,1,anthropology,15.0,10.0,20.0,20.0,20.0,15.0,60.0,10.0,10.0,10.0,5.0,5.0,5,10,6,6,10,9.0,10.0,10.0,10.0,9.0,9.0,7,2,8,5,10,10,7,3,7,9,5,8,10,5,9,7,1,0.54,7,9.0,1,4046,0.34587196957907607,0.92,25
4222,female,35,30,'Asian/Pacific Islander/Asian-American',European/Caucasian-American,0,1,3,'music education',20.51,14.53,24.79,17.09,5.98,17.09,15.0,15.0,30.0,15.0,15.0,10.0,8,10,7,8,9,7.0,7.0,7.0,7.0,7.0,7.0,5,2,5,10,10,10,7,2,3,10,3,10,10,10,10,5,5,0.46,8,7.0,1,4222,-0.30558686609093094,0.9444444444444444,18
4223,female,35,23,'Asian/Pacific Islander/Asian-American','Asian/Pacific Islander/Asian-American',1,1,3,'music education',25.0,20.0,20.0,20.0,5.0,10.0,15.0,15.0,30.0,15.0,15.0,10.0,8,10,7,8,9,7.0,7.0,7.0,7.0,7.0,7.0,5,2,5,10,10,10,7,2,3,10,3,10,10,10,10,5,5,0.11,8,7.0,1,4223,-0.4268600315879868,0.6153846153846154,13
4257,female,25,27,'Asian/Pacific Islander/Asian-American','Latino/Hispanic American',0,7,7,'music education',25.0,25.0,25.0,15.0,10.0,0.0,15.0,10.0,25.0,25.0,10.0,15.0,6,6,6,6,6,6.0,7.0,8.0,8.0,6.0,7.0,3,4,5,8,9,9,8,8,5,6,4,9,9,8,9,8,5,-0.29,5,7.0,1,4257,-0.4315138538568774,0.875,16
4283,female,24,27,European/Caucasian-American,European/Caucasian-American,1,10,2,'Clinical Psychology',30.0,15.0,20.0,25.0,5.0,5.0,50.0,20.0,10.0,5.0,10.0,5.0,6,10,8,8,8,7.0,6.0,8.0,6.0,7.0,8.0,9,1,7,8,7,7,7,1,9,9,2,9,9,9,9,9,2,0.07,7,5.0,0,4283,-0.18919231567122127,0.30434782608695654,23
4294,female,27,24,European/Caucasian-American,Other,0,2,4,'Counseling Psychology',20.0,10.0,25.0,20.0,10.0,15.0,15.0,25.0,20.0,20.0,0.0,20.0,7,10,8,9,6,7.0,9.0,7.0,7.0,7.0,7.0,10,9,8,10,8,5,7,1,5,8,9,8,9,7,10,5,6,-0.1,4,7.0,0,4294,-0.2608227327178571,0.2857142857142857,14
4330,female,24,34,Other,European/Caucasian-American,0,8,4,psychology,30.0,20.0,30.0,5.0,5.0,10.0,20.0,30.0,10.0,10.0,10.0,20.0,8,10,8,8,8,4.0,4.0,5.0,2.0,6.0,2.0,9,7,6,9,7,8,9,9,1,7,6,7,7,10,10,7,8,0.08,7,3.0,0,4330,-0.09769315511076386,0.8421052631578947,19
4356,male,34,22,European/Caucasian-American,European/Caucasian-American,1,5,5,'Intellectual Property Law',20.0,10.0,20.0,20.0,20.0,10.0,30.0,20.0,30.0,5.0,5.0,10.0,7,7,5,7,9,10.0,9.0,9.0,10.0,9.0,9.0,3,1,3,5,9,10,3,3,4,10,6,8,9,7,7,3,2,0.26,5,9.7,0,4356,0.33137654780178,0.09375,32
4358,male,34,27,European/Caucasian-American,European/Caucasian-American,1,5,5,'Intellectual Property Law',15.0,25.0,20.0,20.0,0.0,20.0,30.0,20.0,30.0,5.0,5.0,10.0,7,7,5,7,9,9.0,10.0,9.0,8.0,9.0,7.0,3,1,3,5,9,10,3,3,4,10,6,8,9,7,7,3,2,0.14,5,9.0,0,4358,0.44593696485811934,0.045454545454545456,22
4361,male,34,26,European/Caucasian-American,European/Caucasian-American,1,5,5,'Intellectual Property Law',9.0,17.0,23.0,15.0,14.0,22.0,30.0,20.0,30.0,5.0,5.0,10.0,7,7,5,7,9,9.5,9.0,9.5,7.0,7.0,7.0,3,1,3,5,9,10,3,3,4,10,6,8,9,7,7,3,2,0.44,5,8.5,0,4361,0.28396824452367414,0.1,30
4396,male,23,26,'Asian/Pacific Islander/Asian-American',European/Caucasian-American,0,1,1,engineering,9.0,17.0,23.0,15.0,14.0,22.0,25.0,20.0,20.0,20.0,5.0,10.0,5,7,8,8,3,7.0,6.0,8.0,6.0,8.0,6.0,3,3,9,10,4,5,8,6,9,7,5,5,8,7,5,8,5,0.19,7,7.0,1,4396,-0.2614000691926368,0.8,15
4397,male,23,24,'Asian/Pacific Islander/Asian-American',Other,0,1,1,engineering,20.0,30.0,10.0,10.0,10.0,20.0,25.0,20.0,20.0,20.0,5.0,10.0,5,7,8,8,3,4.0,6.0,6.0,5.0,5.0,4.0,3,3,9,10,4,5,8,6,9,7,5,5,8,7,5,8,5,-0.25,7,5.0,0,4397,-0.3809161901167942,0.7777777777777778,18
4430,male,30,24,European/Caucasian-American,European/Caucasian-American,1,1,1,MBA,50.0,20.0,10.0,5.0,10.0,5.0,31.58,10.53,15.79,21.05,10.53,10.53,8,2,9,9,9,9.0,7.0,6.0,8.0,5.0,8.0,7,3,3,9,9,10,8,4,8,8,1,5,7,9,10,5,5,0.65,8,8.0,1,4430,0.23921293203435162,0.9714285714285714,35
4444,male,27,29,European/Caucasian-American,Other,0,4,6,Business,20.0,20.0,20.0,10.0,10.0,20.0,14.0,18.0,17.0,16.0,15.0,20.0,6,8,9,8,10,6.0,8.0,7.0,6.0,5.0,5.0,6,6,4,8,9,9,7,6,8,9,4,6,7,10,10,8,6,0.2,5,6.0,0,4444,-0.5991947836826248,0.29411764705882354,17
4481,male,24,27,Other,'Asian/Pacific Islander/Asian-American',0,1,1,'Intrernational Affairs',15.0,20.0,20.0,20.0,20.0,5.0,20.0,10.0,25.0,20.0,10.0,15.0,6,8,8,8,7,7.0,9.0,8.0,8.0,7.0,7.0,4,6,4,8,9,7,3,8,9,9,9,7,9,8,9,8,4,0.12,4,6.0,1,4481,-0.24479246469849614,0.6666666666666666,24
4492,male,25,29,European/Caucasian-American,Other,0,1,8,'Clinical Psychology',20.0,20.0,20.0,10.0,10.0,20.0,17.0,18.0,28.0,27.0,5.0,5.0,6,9,9,10,7,7.0,10.0,9.0,6.0,6.0,3.0,2,6,2,6,7,7,7,1,1,10,3,7,5,6,8,1,1,0.3,7,6.0,1,4492,-0.5986679035800289,0.6111111111111112,18
4527,male,27,24,European/Caucasian-American,European/Caucasian-American,1,3,1,MBA,50.0,20.0,10.0,5.0,10.0,5.0,40.0,0.0,10.0,50.0,0.0,0.0,10,8,10,10,10,8.0,6.0,5.0,7.0,5.0,5.0,10,7,7,3,3,3,3,3,3,4,5,3,6,10,10,1,7,0.09,6,6.0,1,4527,-0.2699467110465137,0.75,24
4558,male,29,24,'Latino/Hispanic American',European/Caucasian-American,0,3,1,MBA,50.0,20.0,10.0,5.0,10.0,5.0,75.0,5.0,5.0,10.0,0.0,5.0,9,8,9,9,9,8.0,9.0,9.0,8.0,8.0,8.0,7,5,8,8,7,6,3,5,9,8,2,3,4,5,9,8,2,0.44,9,8.0,0,4558,0.2931673925864785,0.0,10
4602,male,25,26,'Asian/Pacific Islander/Asian-American','Black/African American',0,10,7,business,30.0,5.0,10.0,20.0,30.0,5.0,30.0,10.0,15.0,20.0,15.0,10.0,6,10,8,9,10,4.0,9.0,8.0,7.0,7.0,5.0,4,1,4,10,5,6,7,7,3,3,9,7,9,5,6,9,5,0.56,5,6.0,0,4602,-0.5122241641641645,0.5,10
4644,male,29,25,European/Caucasian-American,'Asian/Pacific Islander/Asian-American',0,3,2,MBA,15.0,10.0,25.0,25.0,10.0,15.0,25.0,15.0,20.0,20.0,10.0,10.0,6,7,7,9,7,7.0,10.0,6.0,8.0,5.0,5.0,9,5,10,5,4,4,2,1,8,7,3,3,8,5,8,5,2,-0.37,6,8.0,0,4644,-0.1500226097364136,0.05263157894736842,19
4683,female,33,26,'Black/African American',European/Caucasian-American,0,4,8,'MFA -Film',10.0,10.0,30.0,30.0,5.0,15.0,20.0,20.0,20.0,15.0,15.0,10.0,4,7,9,9,9,8.0,7.0,7.0,7.0,7.0,4.0,7,8,8,8,5,5,3,1,5,5,7,7,10,9,9,9,9,0.62,6,8.0,1,4683,0.38892507109730695,0.9166666666666666,12
4688,female,24,31,European/Caucasian-American,European/Caucasian-American,1,6,3,Film,35.0,0.0,25.0,20.0,0.0,20.0,20.0,10.0,20.0,35.0,5.0,10.0,7,7,10,9,8,7.0,7.0,6.0,6.0,8.0,7.0,5,5,5,7,8,8,6,5,6,9,6,4,8,7,8,8,7,0.35,2,6.0,1,4688,-0.5351668322622948,0.625,24
4707,female,28,31,European/Caucasian-American,European/Caucasian-American,1,8,1,Film,35.0,0.0,25.0,20.0,0.0,20.0,25.0,25.0,25.0,10.0,10.0,5.0,7,7,7,7,10,6.0,8.0,8.0,6.0,8.0,5.0,6,5,10,10,9,9,6,8,3,8,10,8,10,9,9,9,1,0.15,6,6.0,0,4707,-0.4832749470716073,0.11764705882352941,17
4757,female,25,29,European/Caucasian-American,European/Caucasian-American,1,5,2,'School Psychology',25.0,10.0,20.0,20.0,10.0,15.0,20.0,15.0,25.0,15.0,15.0,10.0,8,8,8,8,8,7.0,7.0,8.0,8.0,7.0,7.0,5,5,8,8,6,6,4,3,8,7,7,8,8,7,7,8,2,0.18,6,7.0,1,4757,0.29850766162438686,0.8947368421052632,19
4770,female,25,27,European/Caucasian-American,European/Caucasian-American,1,5,2,'School Psychology',75.0,5.0,5.0,5.0,5.0,5.0,20.0,15.0,25.0,15.0,15.0,10.0,8,8,8,8,8,7.0,7.0,8.0,8.0,8.0,7.0,5,5,8,8,6,6,4,3,8,7,7,8,8,7,7,8,2,-0.09,6,7.0,1,4770,0.5996278038831082,1.0,18
4786,female,24,23,European/Caucasian-American,European/Caucasian-American,1,1,6,'Counseling Psychology',20.0,15.0,20.0,20.0,10.0,15.0,22.0,17.0,15.0,15.0,15.0,16.0,8,8,7,8,8,5.0,6.0,7.0,6.0,7.0,4.0,7,4,8,7,3,3,5,3,4,7,6,6,7,6,6,6,4,-0.04,4,3.0,0,4786,0.27335854391544917,0.8571428571428571,14
4891,female,25,34,'Asian/Pacific Islander/Asian-American',European/Caucasian-American,0,1,5,'Theatre Management & Producing',35.0,15.0,15.0,25.0,10.0,0.0,15.0,18.0,18.0,18.0,15.0,16.0,8,10,10,10,8,7.0,8.0,9.0,9.0,8.0,5.0,3,8,7,10,10,10,7,7,7,10,9,10,10,10,10,7,7,0.27,4,8.0,1,4891,-0.4997967283951761,0.8333333333333334,18
4902,male,24,25,European/Caucasian-American,European/Caucasian-American,1,3,2,Law,25.0,20.0,20.0,20.0,10.0,5.0,20.0,21.0,21.0,22.0,6.0,10.0,7,7,7,10,9,9.0,9.0,8.0,9.0,9.0,10.0,9,8,8,6,7,7,6,2,6,7,5,7,8,4,7,5,1,0.22,6,9.0,1,4902,0.3005613021269941,0.9361702127659575,47
4994,male,24,24,European/Caucasian-American,European/Caucasian-American,1,1,1,Film,20.0,10.0,20.0,35.0,5.0,10.0,30.0,15.0,15.0,15.0,15.0,10.0,7,9,8,7,8,10.0,10.0,10.0,10.0,10.0,10.0,8,4,7,9,9,9,7,4,2,9,5,7,10,9,9,7,7,0.6,5,10.0,0,4994,0.6868392352180822,0.043478260869565216,23
5010,male,24,38,'Latino/Hispanic American',European/Caucasian-American,0,1,1,'International Affairs',15.0,15.0,20.0,15.0,15.0,20.0,20.0,10.0,20.0,20.0,10.0,20.0,8,7,10,8,9,7.0,6.0,8.0,7.0,7.0,6.0,7,7,9,8,9,8,3,5,1,6,2,4,8,6,10,2,1,0.45,6,7.0,1,5010,-0.8585470513939526,0.85,20
5017,male,24,21,'Latino/Hispanic American',European/Caucasian-American,0,1,1,'International Affairs',20.0,30.0,20.0,20.0,0.0,10.0,20.0,10.0,20.0,20.0,10.0,20.0,8,7,10,8,9,7.0,7.0,8.0,8.0,7.0,8.0,7,7,9,8,9,8,3,5,1,6,2,4,8,6,10,2,1,0.32,6,7.0,1,5017,-0.05839202546298076,0.8571428571428571,28
5024,male,24,25,'Latino/Hispanic American','Asian/Pacific Islander/Asian-American',0,1,1,'International Affairs',15.0,18.0,18.0,18.0,15.0,16.0,20.0,10.0,20.0,20.0,10.0,20.0,8,7,10,8,9,5.0,8.0,9.0,8.0,8.0,7.0,7,7,9,8,9,8,3,5,1,6,2,4,8,6,10,2,1,0.28,6,8.0,1,5024,-0.04192317507166673,0.8888888888888888,18
5072,male,34,28,European/Caucasian-American,European/Caucasian-American,1,8,2,Finance,35.0,0.0,35.0,10.0,10.0,10.0,35.0,15.0,15.0,25.0,10.0,0.0,8,6,9,7,5,6.0,7.0,8.0,6.0,6.0,5.0,7,6,6,7,7,6,3,3,1,8,1,7,6,7,10,8,3,0.11,3,5.0,0,5072,-0.17079989596419923,0.6666666666666666,18
5076,male,34,33,European/Caucasian-American,European/Caucasian-American,1,8,2,Finance,20.0,20.0,20.0,10.0,10.0,20.0,35.0,15.0,15.0,25.0,10.0,0.0,8,6,9,7,5,8.0,10.0,10.0,8.0,9.0,5.0,7,6,6,7,7,6,3,3,1,8,1,7,6,7,10,8,3,0.46,3,5.0,0,5076,-0.3021506823593775,0.5,30
5104,male,26,25,European/Caucasian-American,European/Caucasian-American,1,5,3,business,20.0,15.0,25.0,15.0,15.0,10.0,10.0,10.0,30.0,30.0,5.0,15.0,7,9,7,8,6,9.0,8.0,7.0,7.0,6.0,7.0,6,7,5,7,5,3,5,5,4,6,8,6,9,6,6,7,0,0.3,8,8.0,0,5104,0.23400294470621694,0.1935483870967742,31
5148,female,28,26,European/Caucasian-American,European/Caucasian-American,1,0,1,'Social Work',30.0,25.0,20.0,10.0,10.0,5.0,5.0,30.0,20.0,10.0,5.0,30.0,9,8,5,9,3,4.0,7.0,6.0,6.0,5.0,8.0,6,2,5,8,5,6,5,2,9,9,8,9,9,6,6,4,7,0.4,5,6.0,1,5148,-0.25583675007393003,0.8125,16
5151,female,28,24,European/Caucasian-American,European/Caucasian-American,1,0,1,'Social Work',25.0,7.0,35.0,20.0,8.0,5.0,5.0,30.0,20.0,10.0,5.0,30.0,9,8,5,9,3,1.0,3.0,7.0,1.0,9.0,2.0,6,2,5,8,5,6,5,2,9,9,8,9,9,6,6,4,7,0.58,5,3.0,0,5151,0.5788842025452875,0.7083333333333334,24
5171,male,26,22,European/Caucasian-American,European/Caucasian-American,1,6,7,'Fundraising Management',10.0,10.0,40.0,10.0,15.0,15.0,30.0,25.0,20.0,10.0,10.0,5.0,8,10,8,8,8,9.0,9.0,9.0,9.0,8.0,9.0,7,2,8,9,9,9,10,2,4,7,5,9,8,6,6,7,9,0.72,8,9.0,1,5171,0.5828784858782332,0.9032258064516129,31
5173,male,30,29,European/Caucasian-American,European/Caucasian-American,1,1,1,Business,20.0,20.0,20.0,10.0,10.0,20.0,30.0,20.0,30.0,10.0,5.0,5.0,7,9,8,9,9,6.0,9.0,6.0,6.0,6.0,4.0,9,2,9,8,7,7,7,6,5,9,5,5,8,7,5,5,4,0.58,6,7.0,0,5173,-0.45545816561352354,0.09090909090909091,11
5194,male,24,22,European/Caucasian-American,European/Caucasian-American,1,4,7,MBA,10.0,10.0,40.0,10.0,15.0,15.0,25.0,7.0,35.0,20.0,8.0,5.0,8,8,8,10,9,9.0,8.0,8.0,9.0,6.0,5.0,7,2,7,8,6,4,3,2,6,5,3,7,6,6,6,4,2,0.34,7,8.0,1,5194,0.2418908950943228,0.9347826086956522,46
5226,female,27,25,'Asian/Pacific Islander/Asian-American',European/Caucasian-American,0,5,8,'Education Leadership - Public School Administration',40.0,10.0,0.0,45.0,0.0,5.0,15.0,15.0,25.0,15.0,15.0,15.0,7,10,7,9,10,8.0,8.0,8.0,8.0,7.0,2.0,10,9,7,10,10,10,10,5,4,10,7,7,5,8,10,10,3,-0.06,7,7.0,1,5226,0.16398732007684075,0.9285714285714286,14
5272,female,27,28,European/Caucasian-American,'Latino/Hispanic American',0,2,2,'International Affairs',30.0,20.0,25.0,15.0,10.0,0.0,30.0,15.0,15.0,30.0,0.0,10.0,7,7,8,6,4,7.0,5.0,5.0,3.0,3.0,5.0,4,2,9,6,3,3,3,2,7,2,6,2,2,4,7,8,4,0.28,3,7.0,0,5272,-0.7401724773572576,0.15789473684210525,19
5291,female,23,25,European/Caucasian-American,European/Caucasian-American,1,9,1,Law,40.0,10.0,0.0,45.0,0.0,5.0,28.0,8.0,17.0,22.0,17.0,8.0,9,8,10,7,6,7.0,10.0,8.0,10.0,8.0,7.0,8,5,9,10,8,7,8,5,1,9,10,8,10,6,10,10,4,-0.05,5,8.0,0,5291,0.12213463683779394,0.08,25
5293,female,23,26,European/Caucasian-American,European/Caucasian-American,1,9,1,Law,50.0,10.0,10.0,30.0,0.0,0.0,28.0,8.0,17.0,22.0,17.0,8.0,9,8,10,7,6,10.0,9.0,9.0,10.0,10.0,9.0,8,5,9,10,8,7,8,5,1,9,10,8,10,6,10,10,4,0.11,5,9.0,0,5293,0.4316094881467989,0.047619047619047616,21
5295,female,23,28,European/Caucasian-American,'Latino/Hispanic American',0,9,1,Law,30.0,20.0,25.0,15.0,10.0,0.0,28.0,8.0,17.0,22.0,17.0,8.0,9,8,10,7,6,7.0,10.0,9.0,9.0,7.0,8.0,8,5,9,10,8,7,8,5,1,9,10,8,10,6,10,10,4,0.32,5,8.0,0,5295,0.08851122143511031,0.3333333333333333,18
5349,male,24,28,European/Caucasian-American,European/Caucasian-American,1,4,2,Law,15.0,30.0,30.0,10.0,10.0,5.0,35.0,10.0,25.0,20.0,5.0,5.0,8,7,8,9,8,7.0,10.0,10.0,7.0,8.0,6.0,6,1,6,7,7,8,7,14,9,9,8,9,10,10,10,7,2,0.15,7,6.0,0,5349,-0.34777485072893083,0.25,20
5414,male,22,30,European/Caucasian-American,Other,0,1,1,Law/Business,20.0,20.0,20.0,20.0,10.0,10.0,25.0,15.0,25.0,25.0,5.0,5.0,8,9,8,9,10,3.0,7.0,5.0,6.0,5.0,6.0,3,2,4,9,8,9,3,5,9,7,3,6,7,6,10,6,5,0.41,3,4.0,0,5414,-0.16864070288693678,0.6470588235294118,17
5443,male,30,27,'Asian/Pacific Islander/Asian-American',European/Caucasian-American,0,3,1,MBA,30.0,15.0,15.0,30.0,0.0,10.0,20.0,40.0,5.0,20.0,5.0,10.0,2,4,4,4,4,5.0,6.0,5.0,4.0,3.0,4.0,3,3,2,4,4,3,3,4,3,6,7,5,7,7,8,6,6,0.01,3,4.0,1,5443,-0.038556003893682946,0.3103448275862069,58
5446,male,30,23,'Asian/Pacific Islander/Asian-American',European/Caucasian-American,0,3,1,MBA,15.0,15.0,18.0,18.0,14.0,20.0,20.0,40.0,5.0,20.0,5.0,10.0,2,4,4,4,4,5.0,5.0,4.0,3.0,4.0,3.0,3,3,2,4,4,3,3,4,3,6,7,5,7,7,8,6,6,0.44,3,4.0,1,5446,-0.04076698690593583,0.3333333333333333,36
5491,female,29,33,'Asian/Pacific Islander/Asian-American',European/Caucasian-American,0,9,8,Business,20.0,10.0,20.0,15.0,15.0,20.0,50.0,5.0,25.0,20.0,0.0,0.0,10,10,9,10,10,5.0,10.0,8.0,8.0,6.0,5.0,9,1,6,10,8,6,9,3,6,9,7,8,8,4,1,10,9,0.02,5,4.0,1,5491,0.1550461898817078,0.3333333333333333,12
5497,female,26,33,'Asian/Pacific Islander/Asian-American',European/Caucasian-American,0,6,1,Finance,20.0,10.0,20.0,15.0,15.0,20.0,30.0,10.0,10.0,30.0,10.0,10.0,5,5,5,5,8,5.0,10.0,8.0,2.0,5.0,2.0,1,3,1,9,8,9,1,1,6,4,6,8,8,8,8,8,1,0.2,5,5.0,0,5497,-0.47871292360182616,0.627906976744186,43
5584,female,29,23,'Asian/Pacific Islander/Asian-American',European/Caucasian-American,0,1,1,medicine,25.0,20.0,15.0,20.0,5.0,15.0,10.0,20.0,25.0,25.0,10.0,10.0,4,9,5,8,6,3.0,4.0,5.0,4.0,2.0,3.0,1,1,1,10,10,10,2,1,3,10,5,10,10,6,6,10,1,0.67,4,4.0,0,5584,0.06348500397618946,0.8421052631578947,19
5654,female,30,30,'Black/African American',European/Caucasian-American,0,1,1,biotechnology,25.0,25.0,25.0,25.0,0.0,0.0,15.0,20.0,10.0,30.0,5.0,20.0,9,9,10,8,7,9.0,9.0,9.0,9.0,6.0,5.0,10,2,10,10,7,7,9,2,9,8,1,4,3,7,10,6,9,-0.06,9,9.0,1,5654,0.17012956216846065,0.9032258064516129,31
5755,male,28,29,European/Caucasian-American,'Asian/Pacific Islander/Asian-American',0,1,1,Sociology,10.0,20.0,25.0,25.0,10.0,10.0,40.0,20.0,20.0,20.0,0.0,0.0,8,10,10,10,10,10.0,9.0,10.0,10.0,10.0,9.0,10,1,10,10,10,10,5,1,1,10,5,10,10,10,10,10,5,0.64,5,9.0,0,5755,0.32163156741898563,0.03571428571428571,28
5762,male,28,27,European/Caucasian-American,'Latino/Hispanic American',0,1,1,Sociology,16.0,19.0,16.0,17.0,15.0,17.0,40.0,20.0,20.0,20.0,0.0,0.0,8,10,10,10,10,9.0,10.0,10.0,9.0,8.0,5.0,10,1,10,10,10,10,5,1,1,10,5,10,10,10,10,10,5,0.51,5,7.0,0,5762,0.07662686341213307,0.07692307692307693,26
5763,male,28,26,European/Caucasian-American,European/Caucasian-American,1,1,1,Sociology,20.0,20.0,10.0,20.0,10.0,20.0,40.0,20.0,20.0,20.0,0.0,0.0,8,10,10,10,10,9.0,10.0,10.0,9.0,9.0,9.0,10,1,10,10,10,10,5,1,1,10,5,10,10,10,10,10,5,0.61,5,9.0,0,5763,0.3279844514989512,0.0,27
5809,male,24,26,'Asian/Pacific Islander/Asian-American',European/Caucasian-American,0,1,1,Classics,20.0,20.0,10.0,20.0,10.0,20.0,25.0,26.0,15.0,10.0,9.0,15.0,7,9,6,8,5,6.0,5.0,8.0,6.0,7.0,3.0,4,4,2,8,5,3,2,5,2,7,8,5,9,6,10,6,2,0.04,5,7.0,1,5809,-0.001066224757991412,0.64,25
5820,male,29,30,'Asian/Pacific Islander/Asian-American','Black/African American',0,1,1,Business,15.0,20.0,10.0,30.0,5.0,20.0,15.0,20.0,20.0,20.0,5.0,20.0,5,10,7,10,8,9.0,9.0,9.0,9.0,9.0,9.0,3,3,3,9,5,1,1,1,8,8,8,8,8,8,8,8,3,0.02,5,9.0,1,5820,0.45771344923539636,0.8780487804878049,41
5834,male,28,30,European/Caucasian-American,'Black/African American',0,6,5,Business,15.0,20.0,10.0,30.0,5.0,20.0,20.0,10.0,20.0,20.0,20.0,0.0,6,8,8,9,10,8.0,7.0,8.0,8.0,9.0,7.0,7,7,7,9,9,9,6,9,9,6,6,9,9,9,7,6,5,-0.07,6,8.0,1,5834,-0.21071005411166327,0.6875,16
6010,female,28,22,'Asian/Pacific Islander/Asian-American',European/Caucasian-American,0,2,2,journalism,30.0,10.0,20.0,15.0,15.0,10.0,10.0,20.0,30.0,10.0,10.0,20.0,5,6,4,8,9,2.0,6.0,3.0,6.0,5.0,7.0,6,3,6,7,7,7,3,3,4,6,4,4,8,5,7,7,7,0.58,6,3.0,0,6010,0.15929342280975567,0.875,24
6012,female,28,23,'Asian/Pacific Islander/Asian-American','Asian/Pacific Islander/Asian-American',1,2,2,journalism,25.0,15.0,20.0,20.0,10.0,10.0,10.0,20.0,30.0,10.0,10.0,20.0,5,6,4,8,9,5.0,6.0,5.0,5.0,5.0,2.0,6,3,6,7,7,7,3,3,4,6,4,4,8,5,7,7,7,0.43,6,2.0,1,6012,0.058015344194830315,0.25925925925925924,27
6033,female,23,26,'Asian/Pacific Islander/Asian-American','Asian/Pacific Islander/Asian-American',1,2,2,'Electrical Engineering',25.0,20.0,20.0,20.0,5.0,10.0,20.0,10.0,10.0,30.0,15.0,15.0,8,4,10,8,8,5.0,3.0,6.0,5.0,2.0,2.0,6,5,5,7,8,10,10,3,9,8,5,8,9,9,10,7,8,-0.45,6,4.0,1,6033,-0.2489615544717921,0.24,25
6048,female,23,30,'Asian/Pacific Islander/Asian-American',European/Caucasian-American,0,2,2,'Electrical Engineering',40.0,10.0,20.0,10.0,0.0,20.0,20.0,10.0,10.0,30.0,15.0,15.0,8,4,10,8,8,5.0,3.0,5.0,5.0,2.0,2.0,6,5,5,7,8,10,10,3,9,8,5,8,9,9,10,7,8,-0.2,6,4.0,1,6048,-0.25269793902513144,0.5833333333333334,12
6196,female,26,30,European/Caucasian-American,European/Caucasian-American,1,3,1,'Social Work',30.0,3.0,30.0,30.0,3.0,4.0,10.0,30.0,20.0,15.0,15.0,10.0,7,9,9,8,8,8.0,8.0,9.0,9.0,9.0,7.0,7,7,8,8,8,8,10,7,5,8,6,7,8,8,8,6,6,-0.06,6,7.0,1,6196,0.3667265707427722,0.9523809523809523,21
6202,female,22,24,European/Caucasian-American,Other,0,3,6,Law,30.0,30.0,30.0,5.0,2.0,3.0,10.0,20.0,15.0,20.0,15.0,20.0,7,7,7,9,8,6.0,9.0,8.0,6.0,8.0,5.0,6,6,6,7,8,9,3,3,7,9,8,10,10,7,7,5,3,0.14,5,6.0,0,6202,-0.30335484998516676,0.35714285714285715,14
6207,female,22,24,European/Caucasian-American,European/Caucasian-American,1,3,6,Law,20.0,15.0,20.0,20.0,15.0,10.0,10.0,20.0,15.0,20.0,15.0,20.0,7,7,7,9,8,5.0,9.0,8.0,7.0,8.0,6.0,6,6,6,7,8,9,3,3,7,9,8,10,10,7,7,5,3,0.13,5,6.0,0,6207,-0.45496632869578096,0.375,16
6210,female,22,24,European/Caucasian-American,European/Caucasian-American,1,3,6,Law,20.0,20.0,20.0,20.0,10.0,10.0,10.0,20.0,15.0,20.0,15.0,20.0,7,7,7,9,8,10.0,8.0,8.0,8.0,9.0,7.0,6,6,6,7,8,9,3,3,7,9,8,10,10,7,7,5,3,-0.14,5,8.0,1,6210,0.049366371793316356,0.8888888888888888,18
6216,female,27,25,'Asian/Pacific Islander/Asian-American','Asian/Pacific Islander/Asian-American',1,3,2,Education,15.0,30.0,20.0,20.0,10.0,5.0,10.0,25.0,20.0,20.0,5.0,20.0,6,9,8,9,6,4.0,5.0,7.0,4.0,7.0,6.0,8,1,5,9,4,3,6,7,8,13,5,2,7,8,9,3,1,-0.17,9,4.0,1,6216,0.024987619335798968,0.34615384615384615,26
6237,female,25,26,'Asian/Pacific Islander/Asian-American','Asian/Pacific Islander/Asian-American',1,9,6,medicine,25.0,20.0,20.0,20.0,5.0,10.0,15.0,20.0,25.0,20.0,10.0,10.0,5,9,7,8,7,3.0,9.0,9.0,5.0,7.0,3.0,4,1,7,9,8,8,6,3,8,7,7,8,8,5,5,7,5,-0.27,6,4.0,1,6237,-0.2532291848636189,0.42857142857142855,28
6291,female,26,23,'Latino/Hispanic American','Asian/Pacific Islander/Asian-American',0,5,2,'Social Work',15.0,25.0,20.0,10.0,10.0,20.0,10.0,10.0,30.0,20.0,10.0,15.0,3,6,9,7,10,5.0,2.0,6.0,3.0,2.0,3.0,2,1,3,10,10,7,6,5,10,8,4,10,8,6,8,4,10,0.27,6,4.0,0,6291,-0.17168316434853037,0.5882352941176471,17
6339,female,22,24,'Asian/Pacific Islander/Asian-American',European/Caucasian-American,0,1,1,'Mechanical Engineering',20.0,15.0,20.0,20.0,15.0,10.0,20.0,20.0,10.0,15.0,5.0,30.0,3,9,9,9,7,6.0,8.0,8.0,8.0,7.0,6.0,7,10,5,6,3,8,6,7,6,3,5,8,10,9,10,6,3,0.38,8,7.0,1,6339,0.1079493888438185,0.7333333333333333,15
6412,male,24,24,Other,European/Caucasian-American,0,1,1,'electrical engineering',10.0,15.0,30.0,20.0,15.0,10.0,30.0,30.0,30.0,5.0,2.0,3.0,7,9,8,9,5,5.0,5.0,7.0,5.0,5.0,4.0,7,9,3,9,9,8,6,7,7,7,3,6,7,8,7,4,1,-0.4,9,5.0,0,6412,-0.10583651828547769,0.5,12
6422,male,23,23,European/Caucasian-American,European/Caucasian-American,1,5,6,Biochemistry,20.0,20.0,20.0,15.0,10.0,15.0,23.0,14.0,19.0,16.0,10.0,18.0,6,7,6,7,5,9.0,8.0,8.0,8.0,7.0,8.0,4,3,4,7,7,6,2,8,8,8,6,6,9,8,9,5,6,-0.19,6,9.0,1,6422,0.530857161724794,0.9591836734693877,49
6437,male,29,23,European/Caucasian-American,'Asian/Pacific Islander/Asian-American',0,1,1,Math,20.0,10.0,10.0,30.0,15.0,15.0,30.0,20.0,20.0,20.0,10.0,0.0,7,8,8,8,8,9.0,7.0,8.0,4.0,8.0,3.0,7,3,5,8,7,7,3,2,7,8,6,4,9,7,9,7,1,0.52,8,4.0,0,6437,-0.21835662035151532,0.4,10
6469,male,22,22,'Asian/Pacific Islander/Asian-American','Asian/Pacific Islander/Asian-American',1,7,1,'Electrical Engineering',10.0,25.0,25.0,10.0,10.0,20.0,20.0,5.0,25.0,25.0,5.0,20.0,7,9,9,9,7,4.0,8.0,8.0,4.0,5.0,2.0,6,6,7,10,8,8,3,3,6,10,8,10,10,10,10,10,1,0.22,7,4.0,0,6469,-0.4639320417825591,0.6875,16
6488,male,32,24,European/Caucasian-American,Other,0,1,1,'Biomedical engineering',50.0,20.0,10.0,5.0,10.0,5.0,50.0,0.0,10.0,30.0,0.0,10.0,7,8,9,8,8,4.0,4.0,5.0,3.0,4.0,3.0,8,2,8,8,8,8,8,8,6,8,5,4,6,3,6,6,6,-0.3,6,4.0,0,6488,-0.08623715012175671,0.6086956521739131,23
6533,male,23,23,'Asian/Pacific Islander/Asian-American',European/Caucasian-American,0,2,2,'Industrial Engineering/Operations Research',20.0,20.0,20.0,15.0,10.0,15.0,40.0,30.0,0.0,20.0,0.0,10.0,8,9,9,9,8,9.0,9.0,9.0,8.0,7.0,5.0,10,10,7,8,3,5,4,3,8,3,10,5,10,10,9,9,3,0.21,7,7.0,1,6533,0.4410030011271049,1.0,20
6562,male,23,26,'Asian/Pacific Islander/Asian-American','Latino/Hispanic American',0,7,1,'Masters of Industrial Engineering',10.0,10.0,30.0,20.0,10.0,15.0,25.0,15.0,20.0,20.0,10.0,10.0,8,9,8,8,9,4.0,5.0,7.0,6.0,4.0,3.0,4,7,6,10,9,8,1,8,8,9,8,8,9,9,8,9,6,0.43,8,7.0,1,6562,-0.3913901902009495,0.6470588235294118,51
6577,male,24,27,'Asian/Pacific Islander/Asian-American','Asian/Pacific Islander/Asian-American',1,9,6,'Electrical Engineering',10.0,25.0,20.0,20.0,5.0,20.0,20.0,16.0,16.0,17.0,16.0,15.0,7,9,9,8,9,10.0,10.0,10.0,10.0,10.0,10.0,8,8,5,8,8,5,5,9,8,8,8,6,8,8,8,8,3,0.36,8,10.0,0,6577,0.5382670211108566,0.08823529411764706,34
6617,male,30,23,European/Caucasian-American,European/Caucasian-American,1,3,4,Business,20.0,20.0,20.0,20.0,5.0,15.0,35.0,10.0,20.0,25.0,5.0,5.0,9,8,10,8,7,8.0,7.0,7.0,9.0,6.0,6.0,10,5,8,10,4,3,5,1,1,2,4,3,6,3,9,10,6,0.0,8,8.0,1,6617,0.3358852996642015,0.9333333333333333,15
6694,male,30,26,European/Caucasian-American,'Latino/Hispanic American',0,5,6,MBA,25.0,25.0,25.0,12.0,3.0,10.0,30.0,3.0,30.0,30.0,3.0,4.0,7,7,7,7,7,5.0,5.0,5.0,4.0,4.0,5.0,5,3,5,9,7,8,3,3,8,8,3,7,7,4,6,6,3,0.43,7,5.0,1,6694,0.05503415945141378,0.5483870967741935,31
6711,male,30,22,European/Caucasian-American,'Asian/Pacific Islander/Asian-American',0,5,6,MBA,10.0,25.0,25.0,10.0,10.0,20.0,30.0,3.0,30.0,30.0,3.0,4.0,7,7,7,7,7,4.0,7.0,6.0,3.0,6.0,2.0,5,3,5,9,7,8,3,3,8,8,3,7,7,4,6,6,3,0.34,7,5.0,0,6711,-0.25754668223121346,0.5,20
